"","sample","Assemblage","m","Method","Order.q","qD","qD.LCL","qD.UCL","SC","SC.LCL","SC.UCL","region_year","region_100","endYear"
"1","Ralpine_Y1946","data",100,"Rarefaction",0,44.7021925592615,38.8579714267223,50.5464136918006,0.758406494983974,0.698912012266706,0.817900977701242,"Ralpine_Y1946","alpine",1946
"2","Ralpine_Y1955","data",100,"Rarefaction",0,48.8864933735223,44.2479502951385,53.5250364519062,0.740652591602986,0.691480622503073,0.789824560702898,"Ralpine_Y1955","alpine",1955
"3","Ralpine_Y1958","data",100,"Rarefaction",0,56.9577302985632,51.1732439979673,62.7422165991591,0.657186806028635,0.596304092771968,0.718069519285302,"Ralpine_Y1958","alpine",1958
"4","Ralpine_Y1964","data",100,"Rarefaction",0,63.3373688647709,57.8989610251948,68.775776704347,0.572666827697092,0.496478732007888,0.648854923386296,"Ralpine_Y1964","alpine",1964
"5","Ralpine_Y1966","data",100,"Rarefaction",0,47.9207867987187,44.8510299884945,50.9905436089429,0.742003182154466,0.710167518472383,0.773838845836549,"Ralpine_Y1966","alpine",1966
"6","Ralpine_Y1967","data",100,"Rarefaction",0,51.8378433941549,47.0048956123203,56.6707911759895,0.665088879383058,0.612566612007444,0.717611146758672,"Ralpine_Y1967","alpine",1967
"7","Ralpine_Y1968","data",100,"Rarefaction",0,51.7348501383292,47.2892769063022,56.1804233703563,0.695425089481814,0.650465819472642,0.740384359490985,"Ralpine_Y1968","alpine",1968
"8","Ralpine_Y1969","data",100,"Rarefaction",0,42.7519196976066,37.9806583962741,47.5231809989392,0.755287675743967,0.70649787548444,0.804077476003494,"Ralpine_Y1969","alpine",1969
"9","Ralpine_Y1970","data",100,"Rarefaction",0,52.5841146208665,49.9859350442886,55.1822941974444,0.716697266924569,0.690212694552665,0.743181839296473,"Ralpine_Y1970","alpine",1970
"10","Ralpine_Y1971","data",100,"Rarefaction",0,50.5551761366415,46.3582941023282,54.7520581709549,0.725790633328687,0.681898731013692,0.769682535643682,"Ralpine_Y1971","alpine",1971
"11","Ralpine_Y1972","data",100,"Rarefaction",0,50.2482770856066,44.9356608440244,55.5608933271888,0.720030673331075,0.668403288773007,0.771658057889143,"Ralpine_Y1972","alpine",1972
"12","Ralpine_Y1973","data",100,"Rarefaction",0,55.5786709179802,50.9757572645799,60.1815845713806,0.670655854980838,0.621997515810311,0.719314194151365,"Ralpine_Y1973","alpine",1973
"13","Ralpine_Y1974","data",100,"Rarefaction",0,52.7451022564633,46.8312600334321,58.6589444794944,0.678429154245511,0.615877383546264,0.740980924944757,"Ralpine_Y1974","alpine",1974
"14","Ralpine_Y1975","data",100,"Rarefaction",0,49.5517251295572,43.9622735434491,55.1411767156654,0.752950467298051,0.687603825658167,0.818297108937936,"Ralpine_Y1975","alpine",1975
"15","Ralpine_Y1976","data",100,"Rarefaction",0,52.2661206717805,45.7803708986095,58.7518704449515,0.704938143617387,0.625895726136406,0.783980561098368,"Ralpine_Y1976","alpine",1976
"16","Ralpine_Y1977","data",100,"Rarefaction",0,42.3444703644915,37.3493806144431,47.3395601145399,0.758351925490112,0.712152801665297,0.804551049314927,"Ralpine_Y1977","alpine",1977
"17","Ralpine_Y1978","data",100,"Rarefaction",0,45.8251086403619,41.5684059569602,50.0818113237637,0.745379520605888,0.705981865241736,0.78477717597004,"Ralpine_Y1978","alpine",1978
"18","Ralpine_Y1979","data",100,"Rarefaction",0,49.2647811769908,46.386397724032,52.1431646299497,0.735178607699482,0.709075078256856,0.761282137142109,"Ralpine_Y1979","alpine",1979
"19","Ralpine_Y1980","data",100,"Rarefaction",0,44.995744948145,40.901585189691,49.089904706599,0.769809991931279,0.731827807192008,0.80779217667055,"Ralpine_Y1980","alpine",1980
"20","Ralpine_Y1981","data",100,"Rarefaction",0,54.6004532035404,52.2978364241042,56.9030699829765,0.672584452029713,0.649807533149692,0.695361370909735,"Ralpine_Y1981","alpine",1981
"21","Ralpine_Y1982","data",100,"Rarefaction",0,62.3565895248388,59.441797727086,65.2713813225917,0.585608593750441,0.556680514458355,0.614536673042527,"Ralpine_Y1982","alpine",1982
"22","Ralpine_Y1983","data",100,"Rarefaction",0,64.7296599754014,62.9242356416385,66.5350843091644,0.57238884505833,0.551444641288265,0.593333048828395,"Ralpine_Y1983","alpine",1983
"23","Ralpine_Y1984","data",100,"Rarefaction",0,57.4994760651495,54.7824971168495,60.2164550134495,0.644637956561199,0.617296342864554,0.671979570257844,"Ralpine_Y1984","alpine",1984
"24","Ralpine_Y1985","data",100,"Rarefaction",0,66.602173716895,64.4585839717138,68.7457634620762,0.549383702310188,0.522817310711047,0.57595009390933,"Ralpine_Y1985","alpine",1985
"25","Ralpine_Y1986","data",100,"Rarefaction",0,60.679143141111,58.1079806314936,63.2503056507284,0.618167922779772,0.593443841762635,0.642892003796909,"Ralpine_Y1986","alpine",1986
"26","Ralpine_Y1988","data",100,"Rarefaction",0,64.850941437117,62.6352846379637,67.0665982362702,0.570263289278231,0.546634969948745,0.593891608607717,"Ralpine_Y1988","alpine",1988
"27","Ralpine_Y1989","data",100,"Rarefaction",0,63.3117756434233,60.9691556456295,65.6543956412171,0.583427404360626,0.554902113864871,0.611952694856381,"Ralpine_Y1989","alpine",1989
"28","Ralpine_Y1990","data",100,"Rarefaction",0,61.1057879874222,58.1063475859201,64.1052283889243,0.604489781354856,0.574373437328592,0.63460612538112,"Ralpine_Y1990","alpine",1990
"29","Ralpine_Y1991","data",100,"Rarefaction",0,66.6529208980658,63.3031513302543,70.0026904658772,0.545831175357493,0.508529411060291,0.583132939654695,"Ralpine_Y1991","alpine",1991
"30","Ralpine_Y1992","data",100,"Rarefaction",0,55.1002448760289,50.5624135983068,59.638076153751,0.607214044730829,0.559860667402378,0.654567422059281,"Ralpine_Y1992","alpine",1992
"31","Ralpine_Y1993","data",100,"Rarefaction",0,66.9087617153116,63.8946596150069,69.9228638156163,0.535208686706325,0.502498150626713,0.567919222785937,"Ralpine_Y1993","alpine",1993
"32","Ralpine_Y1994","data",100,"Rarefaction",0,68.2358220576329,66.206142117031,70.2655019982349,0.481572872580274,0.460563805279807,0.502581939880741,"Ralpine_Y1994","alpine",1994
"33","Ralpine_Y1995","data",100,"Rarefaction",0,72.2150301792351,68.7933166622837,75.6367436961865,0.4545849715724,0.415510478037899,0.493659465106902,"Ralpine_Y1995","alpine",1995
"34","Ralpine_Y1996","data",100,"Rarefaction",0,74.7458804379518,71.748554716821,77.7432061590826,0.437017305557826,0.401233605456914,0.472801005658738,"Ralpine_Y1996","alpine",1996
"35","Ralpine_Y1997","data",100,"Rarefaction",0,73.3513405180796,71.4107304567618,75.2919505793973,0.456468825035235,0.431450697814294,0.481486952256175,"Ralpine_Y1997","alpine",1997
"36","Ralpine_Y1998","data",100,"Rarefaction",0,71.9210858872378,69.9206805866452,73.9214911878303,0.485451668344712,0.458104005547417,0.512799331142007,"Ralpine_Y1998","alpine",1998
"37","Ralpine_Y1999","data",100,"Rarefaction",0,65.8237892125178,62.5521453748156,69.0954330502199,0.527382281833752,0.486924166095093,0.56784039757241,"Ralpine_Y1999","alpine",1999
"38","Ralpine_Y2000","data",100,"Rarefaction",0,70.2755258275734,67.7356374135202,72.8154142416266,0.482306554772997,0.451034230553365,0.513578878992629,"Ralpine_Y2000","alpine",2000
"39","Ralpine_Y2001","data",100,"Rarefaction",0,70.5161883410934,67.9155033737044,73.1168733084824,0.47826067351794,0.449955565114457,0.506565781921424,"Ralpine_Y2001","alpine",2001
"40","Ralpine_Y2002","data",100,"Rarefaction",0,51.1787210702797,45.3816462762017,56.9757958643577,0.724314064758847,0.649919413678493,0.798708715839201,"Ralpine_Y2002","alpine",2002
"41","Ralpine_Y2003","data",100,"Rarefaction",0,59.585599727669,54.4366453336724,64.7345541216657,0.614913876915009,0.55489439959446,0.674933354235557,"Ralpine_Y2003","alpine",2003
"42","Ralpine_Y2004","data",100,"Rarefaction",0,64.9964728026445,61.0606607638381,68.9322848414509,0.507993427682082,0.468738688549103,0.54724816681506,"Ralpine_Y2004","alpine",2004
"43","Ralpine_Y2005","data",100,"Rarefaction",0,57.8313563736868,54.6044295557958,61.0582831915777,0.606134129949766,0.570284214999004,0.641984044900528,"Ralpine_Y2005","alpine",2005
"44","Ralpine_Y2006","data",100,"Rarefaction",0,30.0210916348777,26.0364767899153,34.0057064798401,0.78820297757677,0.753214757143295,0.823191198010244,"Ralpine_Y2006","alpine",2006
"45","Ralpine_Y2007","data",100,"Rarefaction",0,48.0028184331534,45.0766522987832,50.9289845675237,0.662542397994821,0.630777862421419,0.694306933568223,"Ralpine_Y2007","alpine",2007
"46","Ralpine_Y2008","data",100,"Rarefaction",0,68.3525781878045,66.5979345404703,70.1072218351386,0.492883542525404,0.473287800243917,0.51247928480689,"Ralpine_Y2008","alpine",2008
"47","Ralpine_Y2009","data",100,"Rarefaction",0,68.6929987433919,66.7746798578965,70.6113176288873,0.509534946202066,0.488333844122486,0.530736048281645,"Ralpine_Y2009","alpine",2009
"48","Ralpine_Y2010","data",100,"Rarefaction",0,68.6894885264969,66.6849832775207,70.6939937754732,0.48988285700998,0.468263628005006,0.511502086014954,"Ralpine_Y2010","alpine",2010
"49","Ralpine_Y2011","data",100,"Rarefaction",0,65.868981259828,63.9399144947925,67.7980480248635,0.519590146326267,0.499408577601175,0.539771715051359,"Ralpine_Y2011","alpine",2011
"50","Ralpine_Y2012","data",100,"Rarefaction",0,63.8510231070408,60.4849065434102,67.2171396706715,0.531784902375257,0.497000399785113,0.5665694049654,"Ralpine_Y2012","alpine",2012
"51","Ralpine_Y2013","data",100,"Rarefaction",0,70.4677028267522,68.2673595780948,72.6680460754097,0.469096469505673,0.445290145049849,0.492902793961498,"Ralpine_Y2013","alpine",2013
"52","Ralpine_Y2014","data",100,"Rarefaction",0,66.0199297877388,63.7286119954192,68.3112475800584,0.537241703293998,0.513732523503927,0.56075088308407,"Ralpine_Y2014","alpine",2014
"53","Ralpine_Y2015","data",100,"Rarefaction",0,55.0892143434527,52.638066161547,57.5403625253584,0.653321073020153,0.62943511937627,0.677207026664035,"Ralpine_Y2015","alpine",2015
"54","Ralpine_Y2016","data",100,"Rarefaction",0,59.8909952019073,57.2405414279445,62.5414489758702,0.546718188964444,0.520937408398909,0.572498969529979,"Ralpine_Y2016","alpine",2016
"55","Ralpine_Y2017","data",100,"Rarefaction",0,66.0605025933898,64.1244050945931,67.9966000921866,0.503870927269684,0.48382907013262,0.523912784406747,"Ralpine_Y2017","alpine",2017
"56","Ralpine_Y2018","data",100,"Rarefaction",0,47.2870635834827,45.2376051852689,49.3365219816965,0.646570235265162,0.628521370620257,0.664619099910067,"Ralpine_Y2018","alpine",2018
"57","Ralpine_Y2019","data",100,"Rarefaction",0,54.998132760445,53.3251691500568,56.6710963708333,0.585662065431355,0.571107092944674,0.600217037918036,"Ralpine_Y2019","alpine",2019
"58","Ralpine_Y2020","data",100,"Rarefaction",0,36.4664749971841,35.0106697736707,37.9222802206974,0.736147118868233,0.724960135758717,0.74733410197775,"Ralpine_Y2020","alpine",2020
"59","Ratlantic_Y1921","data",100,"Rarefaction",0,28.8295213749413,25.0695325131694,32.5895102367133,0.829516626977218,0.796198082590772,0.862835171363664,"Ratlantic_Y1921","atlantic",1921
"60","Ratlantic_Y1924","data",100,"Rarefaction",0,38.9162676272897,33.3948042061648,44.4377310484147,0.727342617405438,0.658116125960116,0.796569108850761,"Ratlantic_Y1924","atlantic",1924
"61","Ratlantic_Y1925","data",100,"Rarefaction",0,52.4247925870104,46.1541733974348,58.6954117765859,0.618273667510995,0.547015759252859,0.68953157576913,"Ratlantic_Y1925","atlantic",1925
"62","Ratlantic_Y1933","data",100,"Rarefaction",0,42.026050612793,36.6818556033584,47.3702456222275,0.753387738830993,0.696168495971869,0.810606981690117,"Ratlantic_Y1933","atlantic",1933
"63","Ratlantic_Y1935","data",100,"Rarefaction",0,49.2862806821915,44.2415803792327,54.3309809851503,0.706029354706648,0.648518020062513,0.763540689350784,"Ratlantic_Y1935","atlantic",1935
"64","Ratlantic_Y1936","data",100,"Rarefaction",0,43.9655232028218,39.5327782131289,48.3982681925147,0.738436007429115,0.701246163340846,0.775625851517383,"Ratlantic_Y1936","atlantic",1936
"65","Ratlantic_Y1937","data",100,"Rarefaction",0,36.7614152171688,32.2625872574746,41.2602431768629,0.805658574091447,0.759575616210752,0.851741531972141,"Ratlantic_Y1937","atlantic",1937
"66","Ratlantic_Y1938","data",100,"Rarefaction",0,12.4452356055208,10.5374637822739,14.3530074287678,0.902767289736066,0.886935008296971,0.918599571175161,"Ratlantic_Y1938","atlantic",1938
"67","Ratlantic_Y1940","data",100,"Rarefaction",0,43.9960415854909,37.5763449871849,50.4157381837969,0.739991793890872,0.669513489745119,0.810470098036625,"Ratlantic_Y1940","atlantic",1940
"68","Ratlantic_Y1941","data",100,"Rarefaction",0,46.876185179659,40.041509919164,53.710860440154,0.692152671874059,0.62710929520769,0.757196048540427,"Ratlantic_Y1941","atlantic",1941
"69","Ratlantic_Y1942","data",100,"Rarefaction",0,41.9187361627766,35.9401320710796,47.8973402544736,0.73824919755311,0.683940874119578,0.792557520986642,"Ratlantic_Y1942","atlantic",1942
"70","Ratlantic_Y1943","data",100,"Rarefaction",0,40.1691779928978,33.9080684424064,46.4302875433892,0.722839506701634,0.65847171899305,0.787207294410217,"Ratlantic_Y1943","atlantic",1943
"71","Ratlantic_Y1944","data",100,"Rarefaction",0,36.3045352014972,31.0491988824216,41.5598715205728,0.754779901270542,0.705102509101118,0.804457293439967,"Ratlantic_Y1944","atlantic",1944
"72","Ratlantic_Y1945","data",100,"Rarefaction",0,54.0470791340811,47.4961000247823,60.59805824338,0.592153733149843,0.524702829646695,0.659604636652991,"Ratlantic_Y1945","atlantic",1945
"73","Ratlantic_Y1946","data",100,"Rarefaction",0,43.7709224776294,38.8214150376007,48.7204299176582,0.662126046665274,0.612547141490543,0.711704951840006,"Ratlantic_Y1946","atlantic",1946
"74","Ratlantic_Y1947","data",100,"Rarefaction",0,55.0855924387256,50.0230240102812,60.14816086717,0.607674770136015,0.553172624680208,0.662176915591823,"Ratlantic_Y1947","atlantic",1947
"75","Ratlantic_Y1948","data",100,"Observed",0,48,40.1178588760133,55.8821411239867,0.661408284023669,0.571443895111528,0.75137267293581,"Ratlantic_Y1948","atlantic",1948
"76","Ratlantic_Y1950","data",100,"Rarefaction",0,32.4755457090552,27.4327437263156,37.5183476917948,0.762854902626249,0.715838625586596,0.809871179665901,"Ratlantic_Y1950","atlantic",1950
"77","Ratlantic_Y1951","data",100,"Rarefaction",0,31.1034022564747,26.3756707098095,35.83113380314,0.768239699542202,0.719713851840665,0.81676554724374,"Ratlantic_Y1951","atlantic",1951
"78","Ratlantic_Y1952","data",100,"Rarefaction",0,35.8416012420215,31.0204247549461,40.6627777290969,0.768987314561855,0.727166793918746,0.810807835204964,"Ratlantic_Y1952","atlantic",1952
"79","Ratlantic_Y1955","data",100,"Rarefaction",0,38.432803235476,33.6554930148262,43.2101134561259,0.750656597494529,0.709492161380657,0.7918210336084,"Ratlantic_Y1955","atlantic",1955
"80","Ratlantic_Y1957","data",100,"Rarefaction",0,41.8363501115793,36.0061442575246,47.666555965634,0.703934960815696,0.639181302259864,0.768688619371528,"Ratlantic_Y1957","atlantic",1957
"81","Ratlantic_Y1958","data",100,"Rarefaction",0,35.184967588351,31.4160246127275,38.9539105639744,0.744098530401624,0.709299899592786,0.778897161210461,"Ratlantic_Y1958","atlantic",1958
"82","Ratlantic_Y1959","data",100,"Rarefaction",0,44.0352578326392,40.2829313576431,47.7875843076352,0.676833306203103,0.642218033967536,0.71144857843867,"Ratlantic_Y1959","atlantic",1959
"83","Ratlantic_Y1960","data",100,"Rarefaction",0,45.0215417726113,39.8885454266829,50.1545381185398,0.677841985632711,0.631446710866538,0.724237260398885,"Ratlantic_Y1960","atlantic",1960
"84","Ratlantic_Y1961","data",100,"Rarefaction",0,52.8656981692751,46.9700487216241,58.761347616926,0.597743839374852,0.535386369028036,0.660101309721669,"Ratlantic_Y1961","atlantic",1961
"85","Ratlantic_Y1962","data",100,"Rarefaction",0,41.3906082001976,37.5820346194781,45.199181780917,0.791719604624199,0.74997355849183,0.833465650756569,"Ratlantic_Y1962","atlantic",1962
"86","Ratlantic_Y1963","data",100,"Rarefaction",0,42.5866165139596,40.1808505880992,44.99238243982,0.787107596194868,0.765150309655507,0.80906488273423,"Ratlantic_Y1963","atlantic",1963
"87","Ratlantic_Y1964","data",100,"Rarefaction",0,47.2189632408876,44.7501193631234,49.6878071186518,0.752356244407927,0.729907190094791,0.774805298721062,"Ratlantic_Y1964","atlantic",1964
"88","Ratlantic_Y1965","data",100,"Rarefaction",0,46.7605906033643,44.9907270708536,48.5304541358749,0.751013966134547,0.7319693368529,0.770058595416194,"Ratlantic_Y1965","atlantic",1965
"89","Ratlantic_Y1966","data",100,"Rarefaction",0,48.5882792609467,45.91075775723,51.2658007646635,0.669060120585997,0.640630607629113,0.697489633542882,"Ratlantic_Y1966","atlantic",1966
"90","Ratlantic_Y1967","data",100,"Rarefaction",0,47.0247246637701,44.8833929168737,49.1660564106665,0.68866795949609,0.669435797677495,0.707900121314685,"Ratlantic_Y1967","atlantic",1967
"91","Ratlantic_Y1968","data",100,"Rarefaction",0,53.9973377771909,51.4132893217412,56.5813862326406,0.650041391332469,0.626188082772209,0.67389469989273,"Ratlantic_Y1968","atlantic",1968
"92","Ratlantic_Y1969","data",100,"Rarefaction",0,47.6290204169167,44.5620550400591,50.6959857937742,0.681097711946646,0.650639115529123,0.71155630836417,"Ratlantic_Y1969","atlantic",1969
"93","Ratlantic_Y1970","data",100,"Rarefaction",0,57.5601454147363,54.8122042218872,60.3080866075854,0.582239492523904,0.556591283776754,0.607887701271054,"Ratlantic_Y1970","atlantic",1970
"94","Ratlantic_Y1971","data",100,"Rarefaction",0,56.610995522285,54.1671177280366,59.0548733165334,0.611829789521525,0.588742199191626,0.634917379851424,"Ratlantic_Y1971","atlantic",1971
"95","Ratlantic_Y1972","data",100,"Rarefaction",0,54.8081196022755,52.5466273282671,57.0696118762838,0.603583000843191,0.582376178697664,0.624789822988718,"Ratlantic_Y1972","atlantic",1972
"96","Ratlantic_Y1973","data",100,"Rarefaction",0,42.5077193795811,39.1850291619501,45.830409597212,0.67632538334306,0.645489030357872,0.707161736328249,"Ratlantic_Y1973","atlantic",1973
"97","Ratlantic_Y1974","data",100,"Rarefaction",0,55.8814396236358,53.4300696675653,58.3328095797063,0.617973886975856,0.59416614524415,0.641781628707562,"Ratlantic_Y1974","atlantic",1974
"98","Ratlantic_Y1975","data",100,"Rarefaction",0,46.1963415022729,43.9967430921801,48.3959399123657,0.675276002983673,0.656170566027872,0.694381439939474,"Ratlantic_Y1975","atlantic",1975
"99","Ratlantic_Y1976","data",100,"Rarefaction",0,51.7012676085708,49.8546882653303,53.5478469518114,0.638241092624367,0.623032935698425,0.653449249550309,"Ratlantic_Y1976","atlantic",1976
"100","Ratlantic_Y1977","data",100,"Rarefaction",0,44.9512010220418,42.769538089371,47.1328639547126,0.667347792910981,0.647121596213486,0.687573989608476,"Ratlantic_Y1977","atlantic",1977
"101","Ratlantic_Y1978","data",100,"Rarefaction",0,40.8183777845194,38.7688066441631,42.8679489248757,0.688798504619144,0.672055216040674,0.705541793197614,"Ratlantic_Y1978","atlantic",1978
"102","Ratlantic_Y1979","data",100,"Rarefaction",0,30.5266592514019,29.1504596279948,31.902858874809,0.759594780117678,0.747949792326199,0.771239767909157,"Ratlantic_Y1979","atlantic",1979
"103","Ratlantic_Y1980","data",100,"Rarefaction",0,32.3188662726858,30.9484285008938,33.6893040444778,0.750991002874714,0.739815629233942,0.762166376515486,"Ratlantic_Y1980","atlantic",1980
"104","Ratlantic_Y1981","data",100,"Rarefaction",0,42.6726501226475,41.3576311233034,43.9876691219917,0.679773032706379,0.667521854618451,0.692024210794307,"Ratlantic_Y1981","atlantic",1981
"105","Ratlantic_Y1982","data",100,"Rarefaction",0,38.1711359305384,37.0572515284297,39.2850203326472,0.709928712948018,0.699621670228236,0.7202357556678,"Ratlantic_Y1982","atlantic",1982
"106","Ratlantic_Y1983","data",100,"Rarefaction",0,41.1016585869249,39.3030001433082,42.9003170305417,0.688082805654435,0.673665789791565,0.702499821517304,"Ratlantic_Y1983","atlantic",1983
"107","Ratlantic_Y1984","data",100,"Rarefaction",0,42.3432475509339,40.5138053780472,44.1726897238205,0.676646812355972,0.660085767270747,0.693207857441197,"Ratlantic_Y1984","atlantic",1984
"108","Ratlantic_Y1985","data",100,"Rarefaction",0,38.7657169808806,37.4747181347646,40.0567158269965,0.729812682985626,0.718177201909622,0.74144816406163,"Ratlantic_Y1985","atlantic",1985
"109","Ratlantic_Y1986","data",100,"Rarefaction",0,36.8379105537201,35.7659168694267,37.9099042380136,0.749560912349668,0.740552109813352,0.758569714885984,"Ratlantic_Y1986","atlantic",1986
"110","Ratlantic_Y1987","data",100,"Rarefaction",0,32.9403154899378,32.158029338256,33.7226016416197,0.776316793883674,0.769881767732828,0.78275182003452,"Ratlantic_Y1987","atlantic",1987
"111","Ratlantic_Y1988","data",100,"Rarefaction",0,43.6497678908564,42.7309619687606,44.5685738129521,0.70406406408321,0.69638993503529,0.711738193131131,"Ratlantic_Y1988","atlantic",1988
"112","Ratlantic_Y1989","data",100,"Rarefaction",0,35.7151841363692,34.8220329246873,36.608335348051,0.751486396067794,0.74422232978808,0.758750462347508,"Ratlantic_Y1989","atlantic",1989
"113","Ratlantic_Y1990","data",100,"Rarefaction",0,43.7330296925169,42.6215304530588,44.8445289319749,0.683980618198474,0.674014456057614,0.693946780339333,"Ratlantic_Y1990","atlantic",1990
"114","Ratlantic_Y1991","data",100,"Rarefaction",0,39.2142864512077,37.9440567792326,40.4845161231828,0.69829951528763,0.687874426923217,0.708724603652043,"Ratlantic_Y1991","atlantic",1991
"115","Ratlantic_Y1992","data",100,"Rarefaction",0,31.7982712594526,30.8060125581582,32.7905299607469,0.756885521632801,0.747878415633706,0.765892627631896,"Ratlantic_Y1992","atlantic",1992
"116","Ratlantic_Y1993","data",100,"Rarefaction",0,31.8907785324415,30.8039849093035,32.9775721555795,0.758191002178051,0.749580406441396,0.766801597914706,"Ratlantic_Y1993","atlantic",1993
"117","Ratlantic_Y1994","data",100,"Rarefaction",0,32.4943605902341,31.5243537436933,33.4643674367749,0.755842801749218,0.74794132307142,0.763744280427016,"Ratlantic_Y1994","atlantic",1994
"118","Ratlantic_Y1995","data",100,"Rarefaction",0,38.703538219114,37.7110380311779,39.6960384070502,0.712682261449449,0.703382526894681,0.721981996004216,"Ratlantic_Y1995","atlantic",1995
"119","Ratlantic_Y1996","data",100,"Rarefaction",0,35.987426533734,34.7879158314914,37.1869372359765,0.732579945461759,0.720882105804638,0.744277785118879,"Ratlantic_Y1996","atlantic",1996
"120","Ratlantic_Y1997","data",100,"Rarefaction",0,33.4029631533291,32.488919455771,34.3170068508872,0.761151986113766,0.754129901713617,0.768174070513914,"Ratlantic_Y1997","atlantic",1997
"121","Ratlantic_Y1998","data",100,"Rarefaction",0,25.9409090397548,25.0950587764759,26.7867593030337,0.815044783435522,0.80749771708292,0.822591849788124,"Ratlantic_Y1998","atlantic",1998
"122","Ratlantic_Y1999","data",100,"Rarefaction",0,35.6154568246274,34.6052958899988,36.625617759256,0.752387949453727,0.744393246241248,0.760382652666207,"Ratlantic_Y1999","atlantic",1999
"123","Ratlantic_Y2000","data",100,"Rarefaction",0,40.1930837289047,38.9173706250356,41.4687968327738,0.704329155555552,0.693607379404789,0.715050931706314,"Ratlantic_Y2000","atlantic",2000
"124","Ratlantic_Y2001","data",100,"Rarefaction",0,27.5039688828793,26.7028572435168,28.3050805222418,0.792099404581237,0.784567750645907,0.799631058516567,"Ratlantic_Y2001","atlantic",2001
"125","Ratlantic_Y2002","data",100,"Rarefaction",0,34.561461627503,33.6095037391589,35.513419515847,0.750620206833803,0.742627329462062,0.758613084205545,"Ratlantic_Y2002","atlantic",2002
"126","Ratlantic_Y2003","data",100,"Rarefaction",0,33.5884777029469,32.6559288558943,34.5210265499996,0.752224821076617,0.74387582915804,0.760573812995194,"Ratlantic_Y2003","atlantic",2003
"127","Ratlantic_Y2004","data",100,"Rarefaction",0,34.8554085915825,33.6437971918186,36.0670199913465,0.754329727880388,0.743952436543687,0.764707019217089,"Ratlantic_Y2004","atlantic",2004
"128","Ratlantic_Y2005","data",100,"Rarefaction",0,40.3810761373207,39.5002428843512,41.2619093902903,0.713406021029607,0.705620071318473,0.721191970740741,"Ratlantic_Y2005","atlantic",2005
"129","Ratlantic_Y2006","data",100,"Rarefaction",0,42.0215843925934,41.3492279033973,42.6939408817895,0.704607776079975,0.698499774096974,0.710715778062976,"Ratlantic_Y2006","atlantic",2006
"130","Ratlantic_Y2007","data",100,"Rarefaction",0,37.4987679820357,36.5590862282127,38.4384497358586,0.735054156167455,0.727412222469782,0.742696089865127,"Ratlantic_Y2007","atlantic",2007
"131","Ratlantic_Y2008","data",100,"Rarefaction",0,29.4473236056499,28.8636552758524,30.0309919354474,0.790252731639569,0.784920203802834,0.795585259476304,"Ratlantic_Y2008","atlantic",2008
"132","Ratlantic_Y2009","data",100,"Rarefaction",0,29.9175754581052,29.2841052854317,30.5510456307787,0.779566416772746,0.774539170180685,0.784593663364807,"Ratlantic_Y2009","atlantic",2009
"133","Ratlantic_Y2010","data",100,"Rarefaction",0,40.1621930986229,39.5331564583123,40.7912297389334,0.71776856713803,0.712438499790806,0.723098634485255,"Ratlantic_Y2010","atlantic",2010
"134","Ratlantic_Y2011","data",100,"Rarefaction",0,34.8442181118968,34.2999017437163,35.3885344800773,0.752498504316378,0.747470690598953,0.757526318033803,"Ratlantic_Y2011","atlantic",2011
"135","Ratlantic_Y2012","data",100,"Rarefaction",0,34.9518029008823,34.3909947459308,35.5126110558337,0.753566264092363,0.748796031553908,0.758336496630818,"Ratlantic_Y2012","atlantic",2012
"136","Ratlantic_Y2013","data",100,"Rarefaction",0,30.1576651938825,29.6751776797568,30.6401527080082,0.780798126890122,0.776889721380378,0.784706532399866,"Ratlantic_Y2013","atlantic",2013
"137","Ratlantic_Y2014","data",100,"Rarefaction",0,27.242299426402,26.8541560232265,27.6304428295775,0.801257802255353,0.797720985339804,0.804794619170903,"Ratlantic_Y2014","atlantic",2014
"138","Ratlantic_Y2015","data",100,"Rarefaction",0,30.0426299626203,29.5800970440908,30.5051628811498,0.793390038277337,0.789020536649886,0.797759539904789,"Ratlantic_Y2015","atlantic",2015
"139","Ratlantic_Y2016","data",100,"Rarefaction",0,25.356150488238,24.9581657751069,25.7541352013691,0.830034184944123,0.826164788967269,0.833903580920976,"Ratlantic_Y2016","atlantic",2016
"140","Ratlantic_Y2017","data",100,"Rarefaction",0,28.8327724575485,28.3894205094307,29.2761244056663,0.807027032988984,0.802884834726796,0.811169231251172,"Ratlantic_Y2017","atlantic",2017
"141","Ratlantic_Y2018","data",100,"Rarefaction",0,29.6329850699568,29.2346438240727,30.0313263158408,0.801824808715692,0.798348185806098,0.805301431625286,"Ratlantic_Y2018","atlantic",2018
"142","Ratlantic_Y2019","data",100,"Rarefaction",0,26.1794274241539,25.8489431036622,26.5099117446455,0.824287799023303,0.82149628532595,0.827079312720656,"Ratlantic_Y2019","atlantic",2019
"143","Ratlantic_Y2020","data",100,"Rarefaction",0,25.3705409763862,25.1822416486839,25.5588403040885,0.853204794866365,0.851405589940963,0.855003999791767,"Ratlantic_Y2020","atlantic",2020
"144","Rboreal_Y1934","data",100,"Rarefaction",0,52.8246098064869,47.5608084383537,58.08841117462,0.725549891409861,0.66564819084547,0.785451591974251,"Rboreal_Y1934","boreal",1934
"145","Rboreal_Y1935","data",100,"Rarefaction",0,51.423897361086,46.6992619210125,56.1485328011594,0.764483124032155,0.708459865473747,0.820506382590563,"Rboreal_Y1935","boreal",1935
"146","Rboreal_Y1937","data",100,"Rarefaction",0,56.4893829865815,51.6968563464714,61.2819096266916,0.655593769126163,0.591841484020933,0.719346054231394,"Rboreal_Y1937","boreal",1937
"147","Rboreal_Y1938","data",100,"Rarefaction",0,41.7746931402698,35.5597252706254,47.9896610099143,0.715671378678103,0.655182033739998,0.776160723616207,"Rboreal_Y1938","boreal",1938
"148","Rboreal_Y1964","data",100,"Rarefaction",0,55.3004201909019,51.3080799284006,59.2927604534032,0.686452856935899,0.63857896617332,0.734326747698479,"Rboreal_Y1964","boreal",1964
"149","Rboreal_Y1965","data",100,"Rarefaction",0,51.0134266206194,44.7473231107098,57.279530130529,0.743781893110202,0.679884991941501,0.807678794278903,"Rboreal_Y1965","boreal",1965
"150","Rboreal_Y1966","data",100,"Rarefaction",0,51.3555127058157,48.8890707757165,53.8219546359148,0.718588140829904,0.696565263846688,0.74061101781312,"Rboreal_Y1966","boreal",1966
"151","Rboreal_Y1967","data",100,"Rarefaction",0,57.0253749354337,53.1120580677482,60.9386918031193,0.677335990420689,0.634174448436094,0.720497532405285,"Rboreal_Y1967","boreal",1967
"152","Rboreal_Y1969","data",100,"Rarefaction",0,55.4813514716005,52.0100982655566,58.9526046776445,0.687788873336244,0.653139478442794,0.722438268229694,"Rboreal_Y1969","boreal",1969
"153","Rboreal_Y1970","data",100,"Rarefaction",0,56.1717626920396,51.1134331980592,61.2300921860199,0.6737410157162,0.61328230694388,0.734199724488519,"Rboreal_Y1970","boreal",1970
"154","Rboreal_Y1972","data",100,"Rarefaction",0,55.7826207147505,50.8320988087414,60.7331426207596,0.697391364484233,0.648101725281185,0.74668100368728,"Rboreal_Y1972","boreal",1972
"155","Rboreal_Y1974","data",100,"Rarefaction",0,58.6115242407657,54.0836737807571,63.1393747007742,0.66322288260299,0.608310489040689,0.718135276165292,"Rboreal_Y1974","boreal",1974
"156","Rboreal_Y1975","data",100,"Rarefaction",0,61.6834013304192,57.8554694306118,65.5113332302266,0.637569434968302,0.596972062208759,0.678166807727845,"Rboreal_Y1975","boreal",1975
"157","Rboreal_Y1976","data",100,"Rarefaction",0,55.408915663942,52.6343348971087,58.1834964307753,0.679320213835206,0.652182560790725,0.706457866879687,"Rboreal_Y1976","boreal",1976
"158","Rboreal_Y1977","data",100,"Rarefaction",0,56.3585778492006,51.6260059615803,61.0911497368208,0.673453747864478,0.623522375883516,0.72338511984544,"Rboreal_Y1977","boreal",1977
"159","Rboreal_Y1978","data",100,"Rarefaction",0,49.2516652429806,45.5654017312391,52.9379287547221,0.72540676425043,0.691983217944199,0.75883031055666,"Rboreal_Y1978","boreal",1978
"160","Rboreal_Y1979","data",100,"Rarefaction",0,51.11187049267,47.6708074365999,54.5529335487402,0.74137181171301,0.709107550502561,0.773636072923459,"Rboreal_Y1979","boreal",1979
"161","Rboreal_Y1980","data",100,"Rarefaction",0,50.5513236179491,46.2406909856147,54.8619562502835,0.664200005713487,0.625404303953345,0.702995707473629,"Rboreal_Y1980","boreal",1980
"162","Rboreal_Y1981","data",100,"Rarefaction",0,53.91383260946,49.7891669013701,58.0384983175499,0.680060273018383,0.635993716876987,0.724126829159779,"Rboreal_Y1981","boreal",1981
"163","Rboreal_Y1982","data",100,"Rarefaction",0,52.6262020866419,48.7535686317061,56.4988355415776,0.683839954207668,0.643724059202394,0.723955849212942,"Rboreal_Y1982","boreal",1982
"164","Rboreal_Y1983","data",100,"Rarefaction",0,50.5945514720278,47.9892614557474,53.1998414883081,0.69135402341978,0.666892713287083,0.715815333552477,"Rboreal_Y1983","boreal",1983
"165","Rboreal_Y1984","data",100,"Rarefaction",0,54.024679923601,51.4660969618636,56.5832628853383,0.728479324496085,0.700455040313809,0.756503608678362,"Rboreal_Y1984","boreal",1984
"166","Rboreal_Y1985","data",100,"Rarefaction",0,59.5385019312376,56.8864877625423,62.190516099933,0.645939553571392,0.620250215635037,0.671628891507747,"Rboreal_Y1985","boreal",1985
"167","Rboreal_Y1986","data",100,"Rarefaction",0,58.6319159278242,56.480264260478,60.7835675951703,0.589875272034857,0.566981902859438,0.612768641210276,"Rboreal_Y1986","boreal",1986
"168","Rboreal_Y1987","data",100,"Rarefaction",0,50.4446057422582,46.8712217727291,54.0179897117874,0.742734026050278,0.70167753892979,0.783790513170767,"Rboreal_Y1987","boreal",1987
"169","Rboreal_Y1988","data",100,"Rarefaction",0,48.642487006197,45.6358298696584,51.6491441427357,0.742656158728208,0.711608249810904,0.773704067645512,"Rboreal_Y1988","boreal",1988
"170","Rboreal_Y1989","data",100,"Rarefaction",0,55.0050423776766,50.9898366944,59.0202480609532,0.670293049992572,0.625247433211402,0.715338666773742,"Rboreal_Y1989","boreal",1989
"171","Rboreal_Y1990","data",100,"Rarefaction",0,59.5785978087524,56.5638068360296,62.5933887814752,0.623795345875678,0.592519104487308,0.655071587264047,"Rboreal_Y1990","boreal",1990
"172","Rboreal_Y1991","data",100,"Rarefaction",0,51.6501795580431,47.6977920491044,55.6025670669817,0.727444571204112,0.688382773225759,0.766506369182464,"Rboreal_Y1991","boreal",1991
"173","Rboreal_Y1992","data",100,"Rarefaction",0,50.5421559445655,46.1111281071848,54.9731837819462,0.716111612142338,0.670934307755495,0.76128891652918,"Rboreal_Y1992","boreal",1992
"174","Rboreal_Y1993","data",100,"Rarefaction",0,47.7799511546948,43.9258328572934,51.6340694520963,0.745129052973318,0.708055790640117,0.782202315306519,"Rboreal_Y1993","boreal",1993
"175","Rboreal_Y1994","data",100,"Rarefaction",0,47.27323137521,44.1437161191882,50.4027466312318,0.745922603275905,0.717093655275503,0.774751551276307,"Rboreal_Y1994","boreal",1994
"176","Rboreal_Y1995","data",100,"Rarefaction",0,49.5569967237413,46.1746974436682,52.9392960038143,0.707735938162244,0.67221983502674,0.743252041297749,"Rboreal_Y1995","boreal",1995
"177","Rboreal_Y1996","data",100,"Rarefaction",0,58.2014090219939,55.6737396664276,60.7290783775601,0.659422465758345,0.630144644081103,0.688700287435588,"Rboreal_Y1996","boreal",1996
"178","Rboreal_Y1997","data",100,"Rarefaction",0,59.4975571089251,56.9158256369369,62.0792885809132,0.644480764770239,0.620108108215441,0.668853421325036,"Rboreal_Y1997","boreal",1997
"179","Rboreal_Y1998","data",100,"Rarefaction",0,59.174247172575,56.7345309040887,61.6139634410612,0.632588477290219,0.607941088737033,0.657235865843405,"Rboreal_Y1998","boreal",1998
"180","Rboreal_Y1999","data",100,"Rarefaction",0,65.7479949659096,63.9468834518165,67.5491064800027,0.568747874195165,0.546712669859041,0.59078307853129,"Rboreal_Y1999","boreal",1999
"181","Rboreal_Y2000","data",100,"Rarefaction",0,58.0629638019998,55.8823993793102,60.2435282246894,0.659081068684712,0.635190535831547,0.682971601537876,"Rboreal_Y2000","boreal",2000
"182","Rboreal_Y2001","data",100,"Rarefaction",0,57.0662679338015,55.3286585940182,58.8038772735848,0.671148100995179,0.652060059646351,0.690236142344006,"Rboreal_Y2001","boreal",2001
"183","Rboreal_Y2002","data",100,"Rarefaction",0,58.4524724534407,57.0421988243984,59.8627460824831,0.650069160093586,0.634578809181688,0.665559511005484,"Rboreal_Y2002","boreal",2002
"184","Rboreal_Y2003","data",100,"Rarefaction",0,61.9836399897438,60.9863269707196,62.980953008768,0.617639541179669,0.605717073997381,0.629562008361958,"Rboreal_Y2003","boreal",2003
"185","Rboreal_Y2004","data",100,"Rarefaction",0,60.1488228606702,58.8491941430072,61.4484515783331,0.636626155242007,0.622349497252631,0.650902813231384,"Rboreal_Y2004","boreal",2004
"186","Rboreal_Y2005","data",100,"Rarefaction",0,61.7860435136826,60.6800228850586,62.8920641423066,0.611203725807854,0.59838299628782,0.624024455327888,"Rboreal_Y2005","boreal",2005
"187","Rboreal_Y2006","data",100,"Rarefaction",0,65.0169031630389,63.7053796296693,66.3284266964086,0.582084873986698,0.566663114445122,0.597506633528275,"Rboreal_Y2006","boreal",2006
"188","Rboreal_Y2007","data",100,"Rarefaction",0,62.3665057621532,61.4507695214471,63.2822420028593,0.608652257235235,0.598968034633748,0.618336479836721,"Rboreal_Y2007","boreal",2007
"189","Rboreal_Y2008","data",100,"Rarefaction",0,63.2511690554216,62.2512733336224,64.2510647772208,0.603180729825971,0.592091626426956,0.614269833224985,"Rboreal_Y2008","boreal",2008
"190","Rboreal_Y2009","data",100,"Rarefaction",0,62.4648114575914,61.5820233108254,63.3475996043574,0.609542920803015,0.599614648307284,0.619471193298747,"Rboreal_Y2009","boreal",2009
"191","Rboreal_Y2010","data",100,"Rarefaction",0,63.8150374918724,62.9250209052402,64.7050540785046,0.597067150994995,0.586625446162412,0.607508855827579,"Rboreal_Y2010","boreal",2010
"192","Rboreal_Y2011","data",100,"Rarefaction",0,62.7951502573182,61.4951466518251,64.0951538628113,0.59628848018784,0.581972465800342,0.610604494575338,"Rboreal_Y2011","boreal",2011
"193","Rboreal_Y2012","data",100,"Rarefaction",0,56.2904424692765,55.201133128405,57.379751810148,0.638151393096764,0.627401600368951,0.648901185824577,"Rboreal_Y2012","boreal",2012
"194","Rboreal_Y2013","data",100,"Rarefaction",0,58.6467926871588,57.3529833930135,59.940601981304,0.641744823699105,0.628125700117477,0.655363947280734,"Rboreal_Y2013","boreal",2013
"195","Rboreal_Y2014","data",100,"Rarefaction",0,55.25985833548,54.0760564817352,56.4436601892249,0.650819979737667,0.639736527119614,0.66190343235572,"Rboreal_Y2014","boreal",2014
"196","Rboreal_Y2015","data",100,"Rarefaction",0,60.8927879187338,59.7446747980668,62.0409010394007,0.61288420268861,0.600976620259973,0.624791785117247,"Rboreal_Y2015","boreal",2015
"197","Rboreal_Y2016","data",100,"Rarefaction",0,61.008352581102,59.9829141200693,62.0337910421348,0.624681544043363,0.613370562276445,0.635992525810281,"Rboreal_Y2016","boreal",2016
"198","Rboreal_Y2017","data",100,"Rarefaction",0,58.7323369492736,57.3422089785084,60.1224649200389,0.617175616889546,0.603519453699246,0.630831780079845,"Rboreal_Y2017","boreal",2017
"199","Rboreal_Y2018","data",100,"Rarefaction",0,60.0677095816491,58.7724620542149,61.3629571090832,0.625609470180168,0.611941822059615,0.63927711830072,"Rboreal_Y2018","boreal",2018
"200","Rboreal_Y2019","data",100,"Rarefaction",0,60.7775120821811,59.5557012983415,61.9993228660207,0.621004692318201,0.607088172009614,0.634921212626787,"Rboreal_Y2019","boreal",2019
"201","Rboreal_Y2020","data",100,"Rarefaction",0,57.3415420200569,56.2395465064931,58.4435375336206,0.645835299595426,0.634552705456576,0.657117893734276,"Rboreal_Y2020","boreal",2020
"202","Rcontinental_Y1938","data",100,"Rarefaction",0,2.89222183194839,2.10398736552032,3.68045629837645,0.99220934031038,0.986655317024866,0.997763363595895,"Rcontinental_Y1938","continental",1938
"203","Rcontinental_Y1953","data",100,"Rarefaction",0,52.0370802891236,45.4065699681206,58.6675906101267,0.681868320134083,0.604426719229688,0.759309921038478,"Rcontinental_Y1953","continental",1953
"204","Rcontinental_Y1954","data",100,"Rarefaction",0,51.5006925450209,46.8251046495977,56.1762804404442,0.696064963538149,0.641854806669937,0.750275120406362,"Rcontinental_Y1954","continental",1954
"205","Rcontinental_Y1955","data",100,"Rarefaction",0,52.4975311125122,48.3566192478385,56.6384429771859,0.720712371081396,0.674673923690567,0.766750818472225,"Rcontinental_Y1955","continental",1955
"206","Rcontinental_Y1956","data",100,"Rarefaction",0,60.7024527968099,55.5880262706343,65.8168793229854,0.619957460429108,0.560297720683958,0.679617200174258,"Rcontinental_Y1956","continental",1956
"207","Rcontinental_Y1957","data",100,"Rarefaction",0,63.8039709020612,57.0819410070108,70.5260007971116,0.594773337394767,0.504282761213371,0.685263913576164,"Rcontinental_Y1957","continental",1957
"208","Rcontinental_Y1976","data",100,"Rarefaction",0,23.7859566760677,18.8230508924094,28.748862459726,0.86276109707158,0.818090235285246,0.907431958857914,"Rcontinental_Y1976","continental",1976
"209","Rcontinental_Y1978","data",100,"Rarefaction",0,59.634029047558,52.6629740067652,66.6050840883507,0.602000995095084,0.520651000812007,0.683350989378162,"Rcontinental_Y1978","continental",1978
"210","Rcontinental_Y1979","data",100,"Rarefaction",0,47.709550916615,43.7815353654397,51.6375664677903,0.662920866945377,0.628002647870963,0.697839086019791,"Rcontinental_Y1979","continental",1979
"211","Rcontinental_Y1980","data",100,"Rarefaction",0,30.024825980237,26.9459391932616,33.1037127672124,0.79237754244198,0.766448012268202,0.818307072615757,"Rcontinental_Y1980","continental",1980
"212","Rcontinental_Y1981","data",100,"Rarefaction",0,43.136775952635,39.8499669239016,46.4235849813684,0.741923601257595,0.709073230367921,0.77477397214727,"Rcontinental_Y1981","continental",1981
"213","Rcontinental_Y1982","data",100,"Rarefaction",0,48.6836182285374,45.7297039835417,51.637532473533,0.674058322688436,0.648393554038828,0.699723091338043,"Rcontinental_Y1982","continental",1982
"214","Rcontinental_Y1983","data",100,"Rarefaction",0,54.5372698001728,51.8417208381147,57.2328187622309,0.605080593214157,0.57843969380785,0.631721492620464,"Rcontinental_Y1983","continental",1983
"215","Rcontinental_Y1984","data",100,"Rarefaction",0,49.0626958423099,46.2278511409853,51.8975405436345,0.671381890139382,0.649656735656098,0.693107044622665,"Rcontinental_Y1984","continental",1984
"216","Rcontinental_Y1985","data",100,"Rarefaction",0,62.3651108555178,60.6250385117594,64.1051831992762,0.573748762339186,0.554823526401898,0.592673998276474,"Rcontinental_Y1985","continental",1985
"217","Rcontinental_Y1986","data",100,"Rarefaction",0,64.2450060632624,63.0673486094661,65.4226635170587,0.536844619335725,0.523393794670024,0.550295444001426,"Rcontinental_Y1986","continental",1986
"218","Rcontinental_Y1987","data",100,"Rarefaction",0,64.6444978774755,63.0011341640421,66.2878615909089,0.549433814949038,0.530699504652806,0.56816812524527,"Rcontinental_Y1987","continental",1987
"219","Rcontinental_Y1988","data",100,"Rarefaction",0,53.0243017393104,51.3683818820099,54.680221596611,0.618459523795804,0.602761515059212,0.634157532532396,"Rcontinental_Y1988","continental",1988
"220","Rcontinental_Y1989","data",100,"Rarefaction",0,59.5334681745925,57.865264179734,61.2016721694511,0.570626461306553,0.555161776908907,0.586091145704198,"Rcontinental_Y1989","continental",1989
"221","Rcontinental_Y1990","data",100,"Rarefaction",0,40.711527363225,37.7960868008593,43.6269679255907,0.68307368133943,0.654098000579852,0.712049362099009,"Rcontinental_Y1990","continental",1990
"222","Rcontinental_Y1991","data",100,"Rarefaction",0,68.3597094500437,66.6250284287366,70.0943904713508,0.509760358496968,0.490530268634747,0.52899044835919,"Rcontinental_Y1991","continental",1991
"223","Rcontinental_Y1992","data",100,"Rarefaction",0,54.4722672806438,52.0248630827036,56.9196714785841,0.593377843822462,0.571991617185927,0.614764070458997,"Rcontinental_Y1992","continental",1992
"224","Rcontinental_Y1993","data",100,"Rarefaction",0,60.9322143625902,59.0289972792628,62.8354314459175,0.539933956771962,0.520451172728472,0.559416740815451,"Rcontinental_Y1993","continental",1993
"225","Rcontinental_Y1994","data",100,"Rarefaction",0,53.9011948945276,51.9049926714077,55.8973971176476,0.553623179542447,0.53592974052605,0.571316618558844,"Rcontinental_Y1994","continental",1994
"226","Rcontinental_Y1995","data",100,"Rarefaction",0,70.5874057902977,67.6864647524134,73.488346828182,0.457304505153812,0.424630332035631,0.489978678271993,"Rcontinental_Y1995","continental",1995
"227","Rcontinental_Y1996","data",100,"Rarefaction",0,72.3384591688932,70.4147856756401,74.2621326621463,0.449931034808119,0.427366084187771,0.472495985428468,"Rcontinental_Y1996","continental",1996
"228","Rcontinental_Y1997","data",100,"Rarefaction",0,59.9963698353897,57.8527700687321,62.1399696020474,0.551053787352048,0.529673164061889,0.572434410642206,"Rcontinental_Y1997","continental",1997
"229","Rcontinental_Y1998","data",100,"Rarefaction",0,54.2555741456291,52.0603827768327,56.4507655144255,0.611640330162819,0.587894974953668,0.63538568537197,"Rcontinental_Y1998","continental",1998
"230","Rcontinental_Y1999","data",100,"Rarefaction",0,39.252040608077,36.7022460290795,41.8018351870745,0.708723214522557,0.685718262833002,0.731728166212113,"Rcontinental_Y1999","continental",1999
"231","Rcontinental_Y2000","data",100,"Rarefaction",0,48.5794828097085,46.8747358031477,50.2842298162694,0.70181024253503,0.685982203265314,0.717638281804746,"Rcontinental_Y2000","continental",2000
"232","Rcontinental_Y2001","data",100,"Rarefaction",0,54.3296595753968,52.4742979023238,56.1850212484698,0.649745141888324,0.630225566572839,0.669264717203809,"Rcontinental_Y2001","continental",2001
"233","Rcontinental_Y2002","data",100,"Rarefaction",0,55.4158991689367,52.7698518155527,58.0619465223208,0.647302312436076,0.620917607359975,0.673687017512177,"Rcontinental_Y2002","continental",2002
"234","Rcontinental_Y2003","data",100,"Rarefaction",0,48.7501362707605,44.5705473014749,52.9297252400461,0.646642671250126,0.606826562085884,0.686458780414367,"Rcontinental_Y2003","continental",2003
"235","Rcontinental_Y2004","data",100,"Rarefaction",0,16.9241560576741,14.0767256854667,19.7715864298816,0.881109907310278,0.856324994658536,0.90589481996202,"Rcontinental_Y2004","continental",2004
"236","Rcontinental_Y2005","data",100,"Rarefaction",0,30.0349058570498,26.7809851035793,33.2888266105203,0.79106618072056,0.764048759738629,0.81808360170249,"Rcontinental_Y2005","continental",2005
"237","Rcontinental_Y2006","data",100,"Rarefaction",0,24.8715745403623,22.5283659094814,27.2147831712431,0.829129967022267,0.808084726374447,0.850175207670087,"Rcontinental_Y2006","continental",2006
"238","Rcontinental_Y2007","data",100,"Rarefaction",0,22.9873053898152,21.1830987718975,24.791512007733,0.830987102429938,0.814297889406535,0.847676315453341,"Rcontinental_Y2007","continental",2007
"239","Rcontinental_Y2008","data",100,"Rarefaction",0,31.9174256683871,29.8428311471134,33.9920201896607,0.7655377715032,0.747043666002986,0.784031877003414,"Rcontinental_Y2008","continental",2008
"240","Rcontinental_Y2009","data",100,"Rarefaction",0,70.4039472077249,69.2715960498302,71.5362983656196,0.458015979948516,0.445342238240876,0.470689721656157,"Rcontinental_Y2009","continental",2009
"241","Rcontinental_Y2010","data",100,"Rarefaction",0,44.0350656916344,42.1780803715857,45.8920510116831,0.662400133217383,0.645252587511071,0.679547678923696,"Rcontinental_Y2010","continental",2010
"242","Rcontinental_Y2011","data",100,"Rarefaction",0,52.5663067992155,51.0177788876643,54.1148347107667,0.595135666280494,0.582178306304732,0.608093026256255,"Rcontinental_Y2011","continental",2011
"243","Rcontinental_Y2012","data",100,"Rarefaction",0,48.3464527378757,47.0389136198856,49.6539918558658,0.633293718107046,0.621908891120031,0.64467854509406,"Rcontinental_Y2012","continental",2012
"244","Rcontinental_Y2013","data",100,"Rarefaction",0,42.0451168467603,39.817368000832,44.2728656926886,0.679511869979976,0.65984472785904,0.699179012100912,"Rcontinental_Y2013","continental",2013
"245","Rcontinental_Y2014","data",100,"Rarefaction",0,39.6414861476551,37.8598928569299,41.4230794383804,0.704092963836589,0.688328702551368,0.71985722512181,"Rcontinental_Y2014","continental",2014
"246","Rcontinental_Y2015","data",100,"Rarefaction",0,37.5939504371417,36.3137410934364,38.8741597808471,0.714010462156797,0.703451865113766,0.724569059199829,"Rcontinental_Y2015","continental",2015
"247","Rcontinental_Y2016","data",100,"Rarefaction",0,38.8220215990502,37.7549160594302,39.8891271386701,0.718212013486539,0.70864492019625,0.727779106776827,"Rcontinental_Y2016","continental",2016
"248","Rcontinental_Y2017","data",100,"Rarefaction",0,48.2687973980938,47.1417294542832,49.3958653419044,0.63094965973351,0.620987648732132,0.640911670734887,"Rcontinental_Y2017","continental",2017
"249","Rcontinental_Y2018","data",100,"Rarefaction",0,36.8540013398246,35.8125526942737,37.8954499853754,0.72485778689616,0.715048555346297,0.734667018446024,"Rcontinental_Y2018","continental",2018
"250","Rcontinental_Y2019","data",100,"Rarefaction",0,25.6754560899809,24.813614170926,26.5372980090358,0.810020309492573,0.801706069457251,0.818334549527896,"Rcontinental_Y2019","continental",2019
"251","Rcontinental_Y2020","data",100,"Rarefaction",0,27.4295375653657,26.9682303868718,27.8908447438595,0.817495967923409,0.813522562732668,0.82146937311415,"Rcontinental_Y2020","continental",2020
"252","Rmediterranean_Y1963","data",100,"Rarefaction",0,58.25400560899,52.4380286066421,64.0699826113378,0.664271138727053,0.585670120364282,0.742872157089824,"Rmediterranean_Y1963","mediterranean",1963
"253","Rmediterranean_Y1971","data",100,"Rarefaction",0,46.9586452118095,41.9902803344481,51.9270100891708,0.752942490285587,0.690621246582324,0.81526373398885,"Rmediterranean_Y1971","mediterranean",1971
"254","Rmediterranean_Y1975","data",100,"Rarefaction",0,51.3053789930234,47.4040314894408,55.206726496606,0.726108999592432,0.676615356135831,0.775602643049033,"Rmediterranean_Y1975","mediterranean",1975
"255","Rmediterranean_Y1980","data",100,"Rarefaction",0,29.1079854178395,26.3786955604119,31.8372752752671,0.834365599201591,0.806941934253512,0.861789264149669,"Rmediterranean_Y1980","mediterranean",1980
"256","Rmediterranean_Y1981","data",100,"Rarefaction",0,31.3290337906354,27.0108867123967,35.6471808688742,0.785402965434543,0.743352355410866,0.82745357545822,"Rmediterranean_Y1981","mediterranean",1981
"257","Rmediterranean_Y1982","data",100,"Rarefaction",0,45.3912336276855,41.3706693455175,49.4117979098535,0.728126437064103,0.691939056979633,0.764313817148574,"Rmediterranean_Y1982","mediterranean",1982
"258","Rmediterranean_Y1983","data",100,"Rarefaction",0,45.0837017929911,41.4961815827889,48.6712220031933,0.730512406480709,0.691793640977301,0.769231171984117,"Rmediterranean_Y1983","mediterranean",1983
"259","Rmediterranean_Y1984","data",100,"Rarefaction",0,61.1547370392761,55.7547397722992,66.5547343062531,0.561207394435765,0.504860703524801,0.617554085346729,"Rmediterranean_Y1984","mediterranean",1984
"260","Rmediterranean_Y1985","data",100,"Rarefaction",0,42.7759492407259,38.2189725094489,47.3329259720029,0.751446343180916,0.709568937355322,0.793323749006509,"Rmediterranean_Y1985","mediterranean",1985
"261","Rmediterranean_Y1986","data",100,"Rarefaction",0,35.6007479411714,31.5619328090966,39.6395630732462,0.774441769977758,0.734939380064484,0.813944159891032,"Rmediterranean_Y1986","mediterranean",1986
"262","Rmediterranean_Y1987","data",100,"Rarefaction",0,42.8600215301171,38.022271753855,47.6977713063793,0.69679279737073,0.651915538739541,0.74167005600192,"Rmediterranean_Y1987","mediterranean",1987
"263","Rmediterranean_Y1988","data",100,"Rarefaction",0,44.1678469777601,39.4420449869121,48.8936489686081,0.723542274721859,0.672429930244397,0.77465461919932,"Rmediterranean_Y1988","mediterranean",1988
"264","Rmediterranean_Y1990","data",100,"Rarefaction",0,62.0490784013183,59.2826978103427,64.8154589922938,0.588874562899882,0.558892426465699,0.618856699334064,"Rmediterranean_Y1990","mediterranean",1990
"265","Rmediterranean_Y1991","data",100,"Rarefaction",0,49.5889549995861,45.9321534797239,53.2457565194483,0.706888820701219,0.675639591161626,0.738138050240811,"Rmediterranean_Y1991","mediterranean",1991
"266","Rmediterranean_Y1992","data",100,"Rarefaction",0,28.8221165461583,26.4495761872353,31.1946569050813,0.871110365560456,0.849694951480974,0.892525779639939,"Rmediterranean_Y1992","mediterranean",1992
"267","Rmediterranean_Y1993","data",100,"Rarefaction",0,32.8723441910394,30.9129363893788,34.8317519927,0.829110653783466,0.810183186684546,0.848038120882387,"Rmediterranean_Y1993","mediterranean",1993
"268","Rmediterranean_Y1994","data",100,"Rarefaction",0,56.3735473995394,54.365301737622,58.3817930614568,0.61602015241759,0.597861437314999,0.634178867520181,"Rmediterranean_Y1994","mediterranean",1994
"269","Rmediterranean_Y1995","data",100,"Rarefaction",0,63.3821345003748,60.5367376109788,66.2275313897709,0.559082506902308,0.523890610409969,0.594274403394647,"Rmediterranean_Y1995","mediterranean",1995
"270","Rmediterranean_Y1996","data",100,"Rarefaction",0,53.9945464289236,50.0918651116486,57.8972277461987,0.702180406914876,0.662875006920946,0.741485806908807,"Rmediterranean_Y1996","mediterranean",1996
"271","Rmediterranean_Y1997","data",100,"Rarefaction",0,62.1567512754296,59.8555831686358,64.4579193822233,0.585490059698454,0.561701649985736,0.609278469411172,"Rmediterranean_Y1997","mediterranean",1997
"272","Rmediterranean_Y1998","data",100,"Rarefaction",0,62.858263071128,59.576405947743,66.1401201945131,0.594202500368377,0.557040548695332,0.631364452041423,"Rmediterranean_Y1998","mediterranean",1998
"273","Rmediterranean_Y1999","data",100,"Rarefaction",0,31.7382231473067,27.8078280842789,35.6686182103344,0.816489707072244,0.777116365407132,0.855863048737355,"Rmediterranean_Y1999","mediterranean",1999
"274","Rmediterranean_Y2000","data",100,"Rarefaction",0,39.1934853714544,35.7412910905495,42.6456796523593,0.73292648583605,0.700419915599913,0.765433056072186,"Rmediterranean_Y2000","mediterranean",2000
"275","Rmediterranean_Y2001","data",100,"Rarefaction",0,41.0735491015557,39.2035064725586,42.9435917305529,0.79241817448804,0.776570311051914,0.808266037924166,"Rmediterranean_Y2001","mediterranean",2001
"276","Rmediterranean_Y2002","data",100,"Rarefaction",0,28.684615368843,25.9389978680564,31.4302328696295,0.83314718719095,0.810955046041776,0.855339328340123,"Rmediterranean_Y2002","mediterranean",2002
"277","Rmediterranean_Y2003","data",100,"Rarefaction",0,44.9231191726448,39.6531552889587,50.193083056331,0.74312332722955,0.686744310507478,0.799502343951621,"Rmediterranean_Y2003","mediterranean",2003
"278","Rmediterranean_Y2004","data",100,"Rarefaction",0,45.7050521601406,42.6567456949654,48.7533586253157,0.74395265973291,0.718004173185044,0.769901146280775,"Rmediterranean_Y2004","mediterranean",2004
"279","Rmediterranean_Y2005","data",100,"Rarefaction",0,54.6421392876491,49.9852150865489,59.2990634887493,0.682233573610346,0.637126865019018,0.727340282201673,"Rmediterranean_Y2005","mediterranean",2005
"280","Rmediterranean_Y2006","data",100,"Rarefaction",0,16.3545115515504,14.8172800797266,17.8917430233743,0.92446352746242,0.912145654063299,0.936781400861542,"Rmediterranean_Y2006","mediterranean",2006
"281","Rmediterranean_Y2007","data",100,"Rarefaction",0,30.4946296054003,28.2041123825363,32.7851468282642,0.784636084396373,0.76388204363393,0.805390125158817,"Rmediterranean_Y2007","mediterranean",2007
"282","Rmediterranean_Y2008","data",100,"Rarefaction",0,39.1400819393911,36.726906588898,41.5532572898842,0.708984162646926,0.688431643451481,0.729536681842371,"Rmediterranean_Y2008","mediterranean",2008
"283","Rmediterranean_Y2009","data",100,"Rarefaction",0,53.7863414935537,50.785728233199,56.7869547539084,0.621461979347283,0.591961818809678,0.650962139884888,"Rmediterranean_Y2009","mediterranean",2009
"284","Rmediterranean_Y2010","data",100,"Rarefaction",0,40.9552978621039,38.9238605276966,42.9867351965112,0.7139668097738,0.695885906169065,0.732047713378536,"Rmediterranean_Y2010","mediterranean",2010
"285","Rmediterranean_Y2011","data",100,"Rarefaction",0,51.3076145396605,49.1266689005491,53.488560178772,0.63320236778884,0.61239261439991,0.65401212117777,"Rmediterranean_Y2011","mediterranean",2011
"286","Rmediterranean_Y2012","data",100,"Rarefaction",0,47.8871481839377,46.3656639238087,49.4086324440667,0.734674599277177,0.721047043276448,0.748302155277907,"Rmediterranean_Y2012","mediterranean",2012
"287","Rmediterranean_Y2013","data",100,"Rarefaction",0,57.4134018328043,54.8405243325392,59.9862793330694,0.601704744750285,0.578275303261063,0.625134186239508,"Rmediterranean_Y2013","mediterranean",2013
"288","Rmediterranean_Y2014","data",100,"Rarefaction",0,62.7032878549525,60.2979135073124,65.1086622025926,0.567030706599407,0.542430474633565,0.59163093856525,"Rmediterranean_Y2014","mediterranean",2014
"289","Rmediterranean_Y2015","data",100,"Rarefaction",0,50.5444663851939,48.0295621334625,53.0593706369253,0.660914697391115,0.636725328856183,0.685104065926047,"Rmediterranean_Y2015","mediterranean",2015
"290","Rmediterranean_Y2016","data",100,"Rarefaction",0,44.882052033403,43.0023714694528,46.7617325973533,0.705838399744003,0.687865405260109,0.723811394227896,"Rmediterranean_Y2016","mediterranean",2016
"291","Rmediterranean_Y2017","data",100,"Rarefaction",0,53.9039751894413,51.984890497433,55.8230598814495,0.610356497116809,0.591499590384986,0.629213403848632,"Rmediterranean_Y2017","mediterranean",2017
"292","Rmediterranean_Y2018","data",100,"Rarefaction",0,41.2651755902623,39.3998580048821,43.1304931756425,0.733028265230804,0.716263923350017,0.749792607111592,"Rmediterranean_Y2018","mediterranean",2018
"293","Rmediterranean_Y2019","data",100,"Rarefaction",0,38.9289524648525,37.0492681965946,40.8086367331103,0.728806721693001,0.712163564516705,0.745449878869297,"Rmediterranean_Y2019","mediterranean",2019
"294","Rmediterranean_Y2020","data",100,"Rarefaction",0,19.97206302904,19.0374115466023,20.9067145114777,0.885034993029,0.875943558536958,0.894126427521043,"Rmediterranean_Y2020","mediterranean",2020
