"","endYear",".estimate","std_error","conf.low","conf.high","region_100",".smooth",".derivative",".lower_ci",".upper_ci","sig"
"1",1921,107.149075056744,5.30228914055614,96.7304769222929,117.567673191196,"alpine","s(endYear):region_100alpine",-0.457723872951475,-0.879712438680818,-0.0357353072221321,"Decreasing"
"2",1921,110.964861777163,2.2980512123743,106.449364519387,115.480359034939,"atlantic","s(endYear):region_100atlantic",-0.368831208740233,-0.443986765470106,-0.29367565201036,"Decreasing"
"3",1921,82.660671220744,3.40012713797585,75.9796779143515,89.3416645271366,"boreal","s(endYear):region_100boreal",0.0230650754788233,-0.0853875416941186,0.131517692651765,"Stable"
"4",1921,127.542015837943,5.07597640222072,117.568105160347,137.51592651554,"continental","s(endYear):region_100continental",-0.827286143463772,-1.19252767943119,-0.462044607496354,"Decreasing"
"5",1921,80.2569013867766,8.87243302356838,62.8232398687062,97.690562904847,"mediterranean","s(endYear):region_100mediterranean",0.74746899538144,0.164994256696398,1.32994373406648,"Increasing"
"6",1922,106.691362945315,5.15594125508956,96.5603273647125,116.822398525918,"alpine","s(endYear):region_100alpine",-0.457689758864706,-0.87965536841295,-0.0357241493164611,"Decreasing"
"7",1922,110.596030857743,2.26992637258065,106.135796788306,115.056264927179,"atlantic","s(endYear):region_100atlantic",-0.368831208681959,-0.443986729552372,-0.293675687811545,"Decreasing"
"8",1922,82.6837362762382,3.359786014079,76.0820102348008,89.2854623176755,"boreal","s(endYear):region_100boreal",0.0230650698148982,-0.0853874654752199,0.131517605105016,"Stable"
"9",1922,126.714743125821,4.94489854790214,116.998390542902,136.43109570874,"continental","s(endYear):region_100continental",-0.827247900844431,-1.19247106586648,-0.462024735822381,"Decreasing"
"10",1922,81.0043642015682,8.66147136462445,63.9852264274978,98.0235019756386,"mediterranean","s(endYear):region_100mediterranean",0.747452258317499,0.165004914720706,1.32989960191429,"Increasing"
"11",1923,106.233729714776,5.01069099960771,96.3880999279116,116.07935950164,"alpine","s(endYear):region_100alpine",-0.457555617042688,-0.879430960460926,-0.0356802736244506,"Decreasing"
"12",1923,110.227199938457,2.24182844359177,105.82217617966,114.632223697255,"atlantic","s(endYear):region_100atlantic",-0.368831208452814,-0.443986588337028,-0.2936758285686,"Decreasing"
"13",1923,82.7068013186357,3.31948869727936,76.1842564645125,89.229346172759,"boreal","s(endYear):region_100boreal",0.0230650475434759,-0.0853871658134994,0.131517260900451,"Stable"
"14",1923,125.88755884086,4.81444153815485,116.427544439875,135.347573241845,"continental","s(endYear):region_100continental",-0.827097524999057,-1.19224845337751,-0.461946596620602,"Decreasing"
"15",1923,81.751788315793,8.45131419682761,65.1455935213128,98.3579831102733,"mediterranean","s(endYear):region_100mediterranean",0.747386445614743,0.165046822265366,1.32972606896412,"Increasing"
"16",1924,105.776305508948,4.8666601956764,96.2136853855256,115.33892563237,"alpine","s(endYear):region_100alpine",-0.457262119611153,-0.878939970113215,-0.035584269109092,"Decreasing"
"17",1924,109.858369019529,2.2137584680092,105.508500645035,114.208237394023,"atlantic","s(endYear):region_100atlantic",-0.368831207951454,-0.443986279466961,-0.293676136435948,"Decreasing"
"18",1924,82.7298663263292,3.27923683973802,76.2864133355072,89.1733193171512,"boreal","s(endYear):region_100boreal",0.0230649988144132,-0.0853865104018921,0.131516508030719,"Stable"
"19",1924,125.060608877061,4.68467778277548,115.85557046548,134.265647288643,"continental","s(endYear):region_100continental",-0.826768508114401,-1.19176138941283,-0.461775626815975,"Decreasing"
"20",1924,82.4991098782486,8.24205395044716,66.3040956804428,98.6941240760544,"mediterranean","s(endYear):region_100mediterranean",0.747242449812907,0.165138506427327,1.32934639319849,"Increasing"
"21",1925,105.319277593486,4.72399099311625,96.036991689537,114.601563497435,"alpine","s(endYear):region_100alpine",-0.456754400026744,-0.878090628411383,-0.0354181716421055,"Decreasing"
"22",1925,109.489538101278,2.18571754633044,105.194768022359,113.784308180197,"atlantic","s(endYear):region_100atlantic",-0.368831207084155,-0.443985745491333,-0.293676668676978,"Decreasing"
"23",1925,82.752931268227,3.23903218465825,76.3884773914303,89.1173851450236,"boreal","s(endYear):region_100boreal",0.0230649145182772,-0.0853853773782561,0.13151520641481,"Stable"
"24",1925,124.234103163222,4.55569383716152,115.282508473686,133.185697852757,"continental","s(endYear):region_100continental",-0.826199343624384,-1.19091883336514,-0.461479853883626,"Decreasing"
"25",1925,83.2462370126001,8.03380216079889,67.4604218700722,99.032052155128,"mediterranean","s(endYear):region_100mediterranean",0.746993352271294,0.165297084316245,1.32868962022634,"Increasing"
"26",1926,104.862885072343,4.58284499905891,95.8579403980761,113.867829746611,"alpine","s(endYear):region_100alpine",-0.455983506643484,-0.876801082931686,-0.0351659303552822,"Decreasing"
"27",1926,109.120707184112,2.15770683825846,104.88097603331,113.360438334913,"atlantic","s(endYear):region_100atlantic",-0.368831205767296,-0.443984935548784,-0.293677475985808,"Decreasing"
"28",1926,82.7759961046309,3.19887656673604,76.4904449875446,89.0615472217171,"boreal","s(endYear):region_100boreal",0.0230647865276785,-0.0853836589217834,0.13151323197714,"Stable"
"29",1926,123.408309739974,4.42758954903526,114.708430311886,132.108189168061,"continental","s(endYear):region_100continental",-0.825335155689124,-1.18963957487253,-0.46103073650572,"Decreasing"
"30",1926,83.9930524095919,7.82668801016447,68.6142009475079,99.371903871676,"mediterranean","s(endYear):region_100mediterranean",0.746615136318015,0.165537797003667,1.32769247563236,"Increasing"
"31",1927,104.407413862435,4.44340246294309,95.6764632515109,113.13836447336,"alpine","s(endYear):region_100alpine",-0.454904837333505,-0.874996789518594,-0.0348128851484157,"Decreasing"
"32",1927,108.75187626852,2.12972756431585,104.567122280142,112.936630256897,"atlantic","s(endYear):region_100atlantic",-0.368831203924686,-0.443983803892922,-0.293678603956449,"Decreasing"
"33",1927,82.7990607880705,3.15877191309594,76.5923122897252,89.0058092864158,"boreal","s(endYear):region_100boreal",0.0230646074373741,-0.0853812581519865,0.131510473026735,"Stable"
"34",1927,122.583549126283,4.30047726380112,114.133435748801,131.033662503765,"continental","s(endYear):region_100continental",-0.824125944371372,-1.18784964300662,-0.460402245736128,"Decreasing"
"35",1927,84.739415792577,7.62085694342776,69.765006847879,99.713824737275,"mediterranean","s(endYear):region_100mediterranean",0.746085919243118,0.165874484829468,1.32629735365677,"Increasing"
"36",1928,103.953191919688,4.30586149810038,95.4924989280168,112.413884911358,"alpine","s(endYear):region_100alpine",-0.453478810363879,-0.87261164564399,-0.0343459750837674,"Decreasing"
"37",1928,108.383045355061,2.10178100778249,104.253204241868,112.512886468255,"atlantic","s(endYear):region_100atlantic",-0.368831201488711,-0.443982310775638,-0.293680092201783,"Decreasing"
"38",1928,82.8221252640957,3.11872024473642,76.6940752724124,88.950175255779,"boreal","s(endYear):region_100boreal",0.0230643706756513,-0.085378091031708,0.131506832383011,"Stable"
"39",1928,121.760188967741,4.17448108385205,113.557648578183,129.962729357299,"continental","s(endYear):region_100continental",-0.82252733770375,-1.18548342695146,-0.459571248456044,"Decreasing"
"40",1928,85.4851662597164,7.41646935218269,70.9123635119652,100.057969007468,"mediterranean","s(endYear):region_100mediterranean",0.745386281444389,0.166319363403359,1.32445319948542,"Increasing"
"41",1929,103.500584709407,4.17043731456219,95.3059900214253,111.695179397389,"alpine","s(endYear):region_100alpine",-0.451669824537531,-0.86958626247439,-0.033753386600673,"Decreasing"
"42",1929,108.014214444362,2.07386851697753,103.939219269765,112.089209618958,"atlantic","s(endYear):region_100atlantic",-0.368831198398556,-0.443980421531149,-0.293681975265963,"Decreasing"
"43",1929,82.8451894720285,3.07872367851174,76.7957297154695,88.8946492285876,"boreal","s(endYear):region_100boreal",0.0230640703316818,-0.0853740844524034,0.131502225115767,"Stable"
"44",1929,120.938638958757,4.04973617587615,112.981212902097,128.896065015416,"continental","s(endYear):region_100continental",-0.820499425984527,-1.18248195805303,-0.458516893916021,"Decreasing"
"45",1929,86.2301245063067,7.21369932133912,72.0557495713488,100.404499441265,"mediterranean","s(endYear):region_100mediterranean",0.744498756251363,0.166883333336847,1.32211417916588,"Increasing"
"46",1930,103.049990913762,4.03736143018103,95.1168802987911,110.983101528733,"alpine","s(endYear):region_100alpine",-0.449447053064156,-0.8658693040444,-0.0330248020839125,"Decreasing"
"47",1930,107.645383537101,2.04599150790915,103.625164582167,111.665602492035,"atlantic","s(endYear):region_100atlantic",-0.368831194601562,-0.443978107568438,-0.293684281634685,"Decreasing"
"48",1930,82.8682533456763,3.03878442968043,76.8972711998878,88.8392354914648,"boreal","s(endYear):region_100boreal",0.0230637012873267,-0.0853691783656745,0.131496580940328,"Stable"
"49",1930,120.11934603055,3.92638811856461,112.404289600617,127.834402460483,"continental","s(endYear):region_100continental",-0.818007651723856,-1.17879423458122,-0.457221068866493,"Decreasing"
"50",1930,86.9740949307776,7.01273343132611,73.1946028079929,100.753587053562,"mediterranean","s(endYear):region_100mediterranean",0.74340821941452,0.167575717982162,1.31924072084688,"Increasing"
"51",1931,102.601838369003,3.90688081793382,94.9251123130981,110.278564424908,"alpine","s(endYear):region_100alpine",-0.446783079443997,-0.861415217189665,-0.0321509416983286,"Decreasing"
"52",1931,107.276552634011,2.01815146731756,103.311037258471,111.242068009551,"atlantic","s(endYear):region_100atlantic",-0.368831190050895,-0.443975345090808,-0.293687035010982,"Decreasing"
"53",1931,82.8913168140058,2.99890481505321,76.9986951022759,88.7839385257358,"boreal","s(endYear):region_100boreal",0.023063258990654,-0.0853633230916666,0.131489841072975,"Stable"
"54",1931,119.302789796688,3.80459228100974,111.827052998767,126.77852659461,"continental","s(endYear):region_100continental",-0.815021280440378,-1.17437496578716,-0.455667595093591,"Decreasing"
"55",1931,87.7168676279737,6.81376960784352,74.328324407674,101.105410848273,"mediterranean","s(endYear):region_100mediterranean",0.742101219842157,0.168404674368059,1.31579776531625,"Increasing"
"56",1932,102.156580224951,3.77925693628332,94.7306254680132,109.58253498189,"alpine","s(endYear):region_100alpine",-0.443654775198362,-0.856185710417923,-0.0311238399788019,"Decreasing"
"57",1932,106.907721735865,1.9903499561391,102.996834232329,110.818609239401,"atlantic","s(endYear):region_100atlantic",-0.368831184707047,-0.443972116130731,-0.293690253283364,"Decreasing"
"58",1932,82.9143798017811,2.95908725677622,77.0999965880633,88.728763015499,"boreal","s(endYear):region_100boreal",0.0230627396016675,-0.0853564815336005,0.131481960736935,"Stable"
"59",1932,118.489478247793,3.68451321942186,111.249687746627,125.729268748958,"continental","s(endYear):region_100continental",-0.811514384615868,-1.16918603531907,-0.453842733912664,"Decreasing"
"60",1932,88.4582202733878,6.61701600971603,75.4562830294991,101.460157517277,"mediterranean","s(endYear):region_100mediterranean",0.74056641023281,0.169376905937944,1.31175591452768,"Increasing"
"61",1933,101.714691319195,3.65476457680336,94.5333546564132,108.896027981976,"alpine","s(endYear):region_100alpine",-0.440041577952436,-0.850146886303149,-0.0299362696017231,"Decreasing"
"62",1933,106.538890843474,1.9625886134223,102.682552283946,110.395229403003,"atlantic","s(endYear):region_100atlantic",-0.368831178534893,-0.443968406866053,-0.293693950203733,"Decreasing"
"63",1933,82.9374422301654,2.91933428678838,77.2011706033443,88.6737138569866,"boreal","s(endYear):region_100boreal",0.023062139706418,-0.0853486256263859,0.131472905039222,"Stable"
"64",1933,117.679943686933,3.56632407649989,110.672385934929,124.687501438937,"continental","s(endYear):region_100continental",-0.807463913389306,-1.16319365203508,-0.451734174743531,"Decreasing"
"65",1933,89.1979199020538,6.42268994373431,76.5778187170526,101.818021087055,"mediterranean","s(endYear):region_100mediterranean",0.738793702267704,0.170498184446846,1.30708922008856,"Increasing"
"66",1934,101.276664758385,3.53369044929542,94.3332296218215,108.220099894949,"alpine","s(endYear):region_100alpine",-0.435927346042904,-0.843272360053243,-0.0285823320325643,"Decreasing"
"67",1934,106.170059957682,1.93486916072912,102.368188031424,109.971931883939,"atlantic","s(endYear):region_100atlantic",-0.368831195044956,-0.44396423790606,-0.293698152183852,"Decreasing"
"68",1934,82.9605040172888,2.87964855199491,77.3022118652799,88.6187961692976,"boreal","s(endYear):region_100boreal",0.0230614580920446,-0.0853397459332635,0.131462662117353,"Stable"
"69",1934,116.87473889719,3.45020596378246,110.095344476243,123.654133318138,"continental","s(endYear):region_100continental",-0.802851791661252,-1.15637146081487,-0.449332122507631,"Decreasing"
"70",1934,89.9357245858312,6.2310167934057,77.6922466806062,102.179202491056,"mediterranean","s(endYear):region_100mediterranean",0.736775209889489,0.171772780190603,1.30177763958837,"Increasing"
"71",1935,100.843008699003,3.41633141013752,94.1301752203303,107.555842177675,"alpine","s(endYear):region_100alpine",-0.431298649616045,-0.835540377211176,-0.0270569220209143,"Decreasing"
"72",1935,105.801229079355,1.90719340705815,102.053737921087,109.548720237623,"atlantic","s(endYear):region_100atlantic",-0.368831163600003,-0.443959521043394,-0.293702806156612,"Decreasing"
"73",1935,82.9835650787824,2.84003282020256,77.40311485097,88.5640153065948,"boreal","s(endYear):region_100boreal",0.0230606881274373,-0.0853298210678989,0.131451197322773,"Stable"
"74",1935,116.074433532824,3.33634730252857,109.518762791269,122.630104274378,"continental","s(endYear):region_100continental",-0.797662904130161,-1.14869757654414,-0.446628231716187,"Decreasing"
"75",1935,90.671385012829,6.04222894626779,78.7988609842899,102.543909041368,"mediterranean","s(endYear):region_100mediterranean",0.73450424402743,0.173203882472035,1.29580460558282,"Increasing"
"76",1936,100.41424331994,3.30299222602942,93.9241127872605,106.904373852619,"alpine","s(endYear):region_100alpine",-0.426144553030468,-0.826933543238051,-0.0253555628228853,"Decreasing"
"77",1936,105.432398209382,1.87956325432959,101.739198216692,109.125598202072,"atlantic","s(endYear):region_100atlantic",-0.368831178333743,-0.443954370410095,-0.293707986257392,"Decreasing"
"78",1936,83.0066253282817,2.80048998686581,77.5038737847002,88.5093768718632,"boreal","s(endYear):region_100boreal",0.023059833865451,-0.0853188765358437,0.131438544266746,"Stable"
"79",1936,115.279610725474,3.22494309311767,108.942840850615,121.616380600333,"continental","s(endYear):region_100continental",-0.791885071907175,-1.14015453531386,-0.443615608500487,"Decreasing"
"80",1936,91.4046459727157,5.85656470184807,79.8969381771787,102.912353768253,"mediterranean","s(endYear):region_100mediterranean",0.731975572915979,0.174793868306819,1.28915727752514,"Increasing"
"81",1937,99.9908979793024,3.19398275485522,93.7149628333524,106.266833125252,"alpine","s(endYear):region_100alpine",-0.420457436592594,-0.817440097977922,-0.0234747752072667,"Decreasing"
"82",1937,105.063567348668,1.85198070347603,101.424564987463,108.702569709873,"atlantic","s(endYear):region_100atlantic",-0.368831145080771,-0.443948678718774,-0.293713611442768,"Decreasing"
"83",1937,83.0296846778978,2.7610230826973,77.6044826234601,88.4548867323355,"boreal","s(endYear):region_100boreal",0.0230588881725086,-0.0853069056550971,0.131424682000114,"Stable"
"84",1937,114.490863896874,3.1161940766909,108.367777634816,120.613950158933,"continental","s(endYear):region_100continental",-0.785509672954637,-1.13073024878613,-0.440289097123143,"Decreasing"
"85",1937,92.1352477516517,5.67426713950764,80.9857409128274,103.284754590476,"mediterranean","s(endYear):region_100mediterranean",0.729185324696426,0.176543742144294,1.28182690724856,"Increasing"
"86",1938,99.5735085478416,3.0896144212773,93.5026493033912,105.644367792292,"alpine","s(endYear):region_100alpine",-0.41423207698497,-0.807052502888434,-0.0214116510815069,"Decreasing"
"87",1938,104.694736498128,1.82444786118694,101.109834094829,108.279638901427,"atlantic","s(endYear):region_100atlantic",-0.368831134446455,-0.443942540862317,-0.293719728030594,"Decreasing"
"88",1938,83.0527430386608,2.72163528220037,77.7049350406201,88.4005510367015,"boreal","s(endYear):region_100boreal",0.023057854582754,-0.0852939482925662,0.131409657458074,"Stable"
"89",1938,113.708793769575,3.01030574597662,107.793770088714,119.623817450436,"continental","s(endYear):region_100continental",-0.778530911971104,-1.12041690250451,-0.436644921437695,"Decreasing"
"90",1938,92.8629274405608,5.4955829223523,82.0645216077665,103.661333273355,"mediterranean","s(endYear):region_100mediterranean",0.72613103681482,0.178453700062106,1.27380837356753,"Increasing"
"91",1939,99.1626149115133,2.99019587112575,93.2871056175618,105.038124205465,"alpine","s(endYear):region_100alpine",-0.407465508372947,-0.795767150349082,-0.0191638663968113,"Decreasing"
"92",1939,104.325905658684,1.79696694735959,100.795001177782,107.856810139587,"atlantic","s(endYear):region_100atlantic",-0.36883114642573,-0.443935970663753,-0.293726322187708,"Decreasing"
"93",1939,83.0758003209339,2.68232991318667,77.8052244076446,88.3463762342231,"boreal","s(endYear):region_100boreal",0.0230567326037728,-0.0852800365625834,0.131393501770129,"Stable"
"94",1939,112.934005567254,2.9074871553458,107.221012659921,118.646998474588,"continental","s(endYear):region_100continental",-0.770945464192637,-1.10921045742394,-0.432680470961336,"Decreasing"
"95",1939,93.5874201604264,5.32076101024771,83.1325261956256,104.042314125227,"mediterranean","s(endYear):region_100mediterranean",0.722811254172435,0.180522962282991,1.26509954606188,"Increasing"
"96",1940,98.7587586357289,2.8960277107162,93.0682826725446,104.449234598913,"alpine","s(endYear):region_100alpine",-0.400157443100356,-0.783585080597992,-0.0167298056027199,"Decreasing"
"97",1940,103.957074831262,1.7695403033144,100.480061636728,107.434088025796,"atlantic","s(endYear):region_100atlantic",-0.368831110403813,-0.443928901186514,-0.293733319621111,"Decreasing"
"98",1940,83.0988564348015,2.64311046734693,77.9053437737093,88.2923690958938,"boreal","s(endYear):region_100boreal",0.0230555177864402,-0.0852651954659708,0.131376231038851,"Stable"
"99",1940,112.167106396297,2.80794947377814,106.649697523707,117.684515268886,"continental","s(endYear):region_100continental",-0.762752947001633,-1.09711135526019,-0.428394538743078,"Decreasing"
"100",1940,94.3084602082566,5.15005125192442,84.188998039507,104.427922377006,"mediterranean","s(endYear):region_100mediterranean",0.719225735527618,0.182749630066417,1.25570184098882,"Increasing"
"101",1941,98.3624807839689,2.80739628023715,92.8461588949522,103.878802672986,"alpine","s(endYear):region_100alpine",-0.392309112243907,-0.770510133049653,-0.0141080914381608,"Decreasing"
"102",1941,103.588244016786,1.74217040083847,100.165010615717,107.011477417854,"atlantic","s(endYear):region_100atlantic",-0.368831096997097,-0.443921438248075,-0.293740755746118,"Decreasing"
"103",1941,83.1219112904316,2.60398061194973,78.0052858430759,88.2385367377874,"boreal","s(endYear):region_100boreal",0.0230542147365161,-0.0852494887607184,0.131357918233751,"Stable"
"104",1941,111.408702800411,2.71190421958514,106.080015606258,116.737389994565,"continental","s(endYear):region_100continental",-0.753954800610255,-1.08412285802161,-0.423786743198903,"Decreasing"
"105",1941,95.025782127317,4.98370282348362,85.2331820704364,104.818382184198,"mediterranean","s(endYear):region_100mediterranean",0.715375184983303,0.185131198421289,1.24561917154532,"Increasing"
"106",1942,97.9743198835392,2.72456647877232,92.6207523053763,103.327887461702,"alpine","s(endYear):region_100alpine",-0.383924204315768,-0.75655045729267,-0.0112979513388665,"Decreasing"
"107",1942,103.219413216174,1.71485985212745,99.8498429829022,106.588983449447,"atlantic","s(endYear):region_100atlantic",-0.368831082673787,-0.443913578132107,-0.293748587215466,"Decreasing"
"108",1942,83.144964798413,2.56494420274932,78.105042950067,88.184886646759,"boreal","s(endYear):region_100boreal",0.0230528225992784,-0.0852329666745837,0.13133861187314,"Stable"
"109",1942,110.659398480201,2.61956111383309,105.512158522103,115.8066384383,"continental","s(endYear):region_100continental",-0.744555139869734,-1.07025233609486,-0.418857943644608,"Decreasing"
"110",1942,95.7391217051721,4.82196247870849,86.2643292234104,105.213914186934,"mediterranean","s(endYear):region_100mediterranean",0.711261378827923,0.18766405707299,1.23485870058286,"Increasing"
"111",1943,97.5948100313812,2.64777375429408,92.3921343632555,102.797485699507,"alpine","s(endYear):region_100alpine",-0.375008033219493,-0.741717186742581,-0.00829887969640425,"Decreasing"
"112",1943,102.850582430341,1.68761142070326,99.5345533090827,106.1666115516,"atlantic","s(endYear):region_100atlantic",-0.368831067442959,-0.443905348165196,-0.293756786720723,"Decreasing"
"113",1943,83.1680168700702,2.52600529819138,78.2046070314677,88.1314267086727,"boreal","s(endYear):region_100boreal",0.0230513422569887,-0.0852156908182319,0.131318375332209,"Stable"
"114",1943,109.919792169737,2.53112549227593,104.946321536047,114.893262803427,"continental","s(endYear):region_100continental",-0.734559921779363,-1.05551004210965,-0.413609801449079,"Decreasing"
"115",1943,96.448216903013,4.66507257597299,87.2817012436999,105.614732562326,"mediterranean","s(endYear):region_100mediterranean",0.706886924170503,0.19034382081351,1.2234300275275,"Increasing"
"116",1944,97.2244791329879,2.57721549232516,92.1604451264225,102.288513139553,"alpine","s(endYear):region_100alpine",-0.365567642462958,-0.726024632319591,-0.00511065260632504,"Decreasing"
"117",1944,102.481751660188,1.66042803339312,99.2191358441659,105.74436747621,"atlantic","s(endYear):region_100atlantic",-0.368831051316647,-0.443896778346015,-0.293765324287279,"Decreasing"
"118",1944,83.1910674177555,2.48716817501391,78.3039695961627,88.0781652393484,"boreal","s(endYear):region_100boreal",0.0230497748790731,-0.0851977286318992,0.131297278390045,"Stable"
"119",1944,109.190475662343,2.44679522546081,104.382707640719,113.998243683967,"continental","s(endYear):region_100continental",-0.723977042261796,-1.0399092704257,-0.408044814097893,"Decreasing"
"120",1944,97.1528087196812,4.51326884788259,88.2845759333613,106.021041506001,"mediterranean","s(endYear):region_100mediterranean",0.702255276699086,0.193165255029263,1.21134529836891,"Increasing"
"121",1945,96.8638472676336,2.5130421723797,91.925908993259,101.801785542008,"alpine","s(endYear):region_100alpine",-0.355611508810799,-0.709489825412564,-0.00173319220903428,"Decreasing"
"122",1945,102.112920906603,1.63331279346412,98.9035844913547,105.322257321851,"atlantic","s(endYear):region_100atlantic",-0.368831046078378,-0.443887915049283,-0.293774177107473,"Decreasing"
"123",1945,83.2141163551209,2.44843734534937,78.403121691804,88.0251110184377,"boreal","s(endYear):region_100boreal",0.0230481226064807,-0.0851791551065571,0.131275400319519,"Stable"
"124",1945,108.472031977985,2.36675711591346,103.821532803213,113.122531152756,"continental","s(endYear):region_100continental",-0.712816013975921,-1.02346589813357,-0.402166129818274,"Decreasing"
"125",1945,97.8526419937205,4.36677788387268,89.2722528997925,106.433031087648,"mediterranean","s(endYear):region_100mediterranean",0.697370611971877,0.196122347705718,1.19861887623803,"Increasing"
"126",1946,96.5134251732891,2.45534879425404,91.688850034303,101.338000312275,"alpine","s(endYear):region_100alpine",-0.345149839505345,-0.692133029785853,0.00183335077516267,"Stable"
"127",1946,101.744090170458,1.60626899501765,98.5878927788608,104.900287562056,"atlantic","s(endYear):region_100atlantic",-0.368831016438443,-0.443878750328668,-0.293783282548219,"Decreasing"
"128",1946,83.2371635973689,2.4098175754447,78.5020538682787,87.9722733264592,"boreal","s(endYear):region_100boreal",0.023046384933226,-0.0851600394161847,0.131252809282637,"Stable"
"129",1946,107.765033664829,2.29118277215122,103.263032373907,112.26703495575,"continental","s(endYear):region_100continental",-0.701088249383784,-1.006198825841,-0.395977672926568,"Decreasing"
"130",1946,98.5474661467073,4.22581430371366,90.2440598529132,106.850872440501,"mediterranean","s(endYear):region_100mediterranean",0.692237887813457,0.199208143115984,1.18526763251093,"Increasing"
"131",1947,96.1737128447723,2.40416718208693,91.449705712341,100.897719977204,"alpine","s(endYear):region_100alpine",-0.334193949129083,-0.673976792501796,0.00558889424362868,"Stable"
"132",1947,101.375259452608,1.57930013875888,98.2720538289167,104.4784650763,"atlantic","s(endYear):region_100atlantic",-0.368831009492365,-0.443869376854725,-0.293792642130005,"Decreasing"
"133",1947,83.2602090614861,2.37131390612627,78.6007561377297,87.9196619852425,"boreal","s(endYear):region_100boreal",0.0230445666721008,-0.0851404729644753,0.131229606308677,"Stable"
"134",1947,107.070041227736,2.2202240031028,102.70746856457,111.432613890902,"continental","s(endYear):region_100continental",-0.688806472473099,-0.988129124403348,-0.38948382054285,"Decreasing"
"135",1947,99.2370358710275,4.09057761212154,91.1993594733935,107.274712268661,"mediterranean","s(endYear):region_100mediterranean",0.686862722128962,0.202414998320399,1.17131044593752,"Increasing"
"136",1948,95.8451982388692,2.35945982477559,91.2090376906457,100.481358787093,"alpine","s(endYear):region_100alpine",-0.32275665160399,-0.655046588992961,0.00953328578498119,"Stable"
"137",1948,101.006428753886,1.55240994926836,97.9560603238361,104.056797183937,"atlantic","s(endYear):region_100atlantic",-0.368830978185838,-0.443859775737748,-0.293802180633927,"Decreasing"
"138",1948,83.2832526664574,2.33293167514962,78.699217930855,87.8672874020598,"boreal","s(endYear):region_100boreal",0.023042667016343,-0.0851205291675754,0.131205863200261,"Stable"
"139",1948,106.387601676679,2.15400783308605,102.155138791973,110.620064561385,"continental","s(endYear):region_100continental",-0.675985007824612,-0.969280499520994,-0.38268951612823,"Decreasing"
"140",1948,99.9211117651698,3.96124874221876,92.1375568397871,107.704666690553,"mediterranean","s(endYear):region_100mediterranean",0.681251334947678,0.205734284015588,1.15676838587977,"Increasing"
"141",1949,95.5283560803519,2.32111588202219,90.9675384868124,100.089173673892,"alpine","s(endYear):region_100alpine",-0.310851478245043,-0.635369647552387,0.0136666910623016,"Stable"
"142",1949,100.637598075104,1.52560239391649,97.6399044688465,103.635291681361,"atlantic","s(endYear):region_100atlantic",-0.368830957849122,-0.443850027969903,-0.29381188772834,"Decreasing"
"143",1949,83.3062943334648,2.29467654158632,78.797428049188,87.8151606177417,"boreal","s(endYear):region_100boreal",0.0230406904132251,-0.0851003020595605,0.131181682886011,"Stable"
"144",1949,105.718247188257,2.09263130400358,101.606384552698,109.830109823817,"continental","s(endYear):region_100continental",-0.662639054405654,-0.949678243105117,-0.37559986570619,"Decreasing"
"145",1949,100.599460919518,3.83798631888704,93.0581073565521,108.140814482483,"mediterranean","s(endYear):region_100mediterranean",0.675410415063448,0.209156710162272,1.14166411996462,"Increasing"
"146",1950,95.223646763027,2.28894986275758,90.7260329706042,99.7212605554499,"alpine","s(endYear):region_100alpine",-0.29849349862302,-0.614976343055436,0.0179893458093967,"Stable"
"147",1950,100.268767417047,1.4988817035759,97.3235779513888,103.213956882705,"atlantic","s(endYear):region_100atlantic",-0.368830948507959,-0.443840173354192,-0.293821723661726,"Decreasing"
"148",1950,83.3293339860697,2.25655451241504,78.89537461303,87.7632933591095,"boreal","s(endYear):region_100boreal",0.0230386393647316,-0.0850798802531851,0.131157158982648,"Stable"
"149",1950,105.062493873755,2.03615630174212,101.06160035693,109.06338739058,"continental","s(endYear):region_100continental",-0.648785505526685,-0.929350483317121,-0.368220527736248,"Decreasing"
"150",1950,101.271857455518,3.72092270199312,93.9605250679826,108.583189843053,"mediterranean","s(endYear):region_100mediterranean",0.669347355913808,0.212671939270743,1.12602277255687,"Increasing"
"151",1951,94.9315153401515,2.26270327234351,90.4854741177404,99.3775565625627,"alpine","s(endYear):region_100alpine",-0.285698379939278,-0.593898729393338,0.0225019695147813,"Stable"
"152",1951,99.8999367804759,1.47225239530321,97.0070718965479,102.792801664404,"atlantic","s(endYear):region_100atlantic",-0.368830914881968,-0.443830209512234,-0.293831620251702,"Decreasing"
"153",1951,83.3523715503803,2.21857197149885,78.9930450046801,87.7116980960806,"boreal","s(endYear):region_100boreal",0.0230365142713884,-0.0850593448334021,0.131132373376179,"Stable"
"154",1951,104.420840647372,1.98460470827162,100.52124212245,108.320439172294,"continental","s(endYear):region_100continental",-0.63444189438035,-0.908326678721193,-0.360557110039508,"Decreasing"
"155",1951,101.938083021001,3.61015990310683,94.8443911768715,109.031774865131,"mediterranean","s(endYear):region_100mediterranean",0.663069794090152,0.216268796507303,1.109870791673,"Increasing"
"156",1952,94.6523905987721,2.24204925336212,90.2469329654343,99.0578482321099,"alpine","s(endYear):region_100alpine",-0.2724829394076,-0.572171592369776,0.0272057135545765,"Stable"
"157",1952,99.5311061661232,1.44571929717879,96.6903768182424,102.371835514004,"atlantic","s(endYear):region_100atlantic",-0.36883089230702,-0.443820219513795,-0.293841565100246,"Decreasing"
"158",1952,83.3754069552056,2.18073571114772,79.0904258065705,87.6603881038407,"boreal","s(endYear):region_100boreal",0.0230343201260221,-0.0850387940898984,0.131107434341943,"Stable"
"159",1952,103.793768188538,1.93795422724063,99.9858343393356,107.60170203774,"continental","s(endYear):region_100continental",-0.619627103496667,-0.886638704760559,-0.352615502232775,"Decreasing"
"160",1952,102.597927244333,3.50576550564696,95.7093625152645,109.486491973402,"mediterranean","s(endYear):region_100mediterranean",0.656586030515023,0.219935125925543,1.0932369351045,"Increasing"
"161",1953,94.3866842127631,2.2265999555342,90.0115832840979,98.7617851414283,"alpine","s(endYear):region_100alpine",-0.258864603796089,-0.549831646253322,0.0321024386611439,"Stable"
"162",1953,99.162275574692,1.41928757551257,96.3734825657664,101.951068583618,"atlantic","s(endYear):region_100atlantic",-0.368830869043838,-0.443810229692897,-0.293851508394778,"Decreasing"
"163",1953,83.3984401321958,2.14305296648223,79.1875027338854,87.6093775305062,"boreal","s(endYear):region_100boreal",0.0230320590884195,-0.0850183151674028,0.131082433344242,"Stable"
"164",1953,103.181737992453,1.89613524579878,99.4559752867856,106.90750069812,"continental","s(endYear):region_100continental",-0.604360658629791,-0.864319886497388,-0.344401430762195,"Decreasing"
"165",1953,103.251188149948,3.40776875414672,96.555179644295,109.947196655601,"mediterranean","s(endYear):region_100mediterranean",0.649904598429566,0.223657765620205,1.07615143123893,"Increasing"
"166",1954,94.1347899695637,2.21591611349169,89.7806819844786,98.4888979546489,"alpine","s(endYear):region_100alpine",-0.244861704814107,-0.526918191165624,0.0371947815374106,"Stable"
"167",1954,98.7934450068552,1.39296276464426,96.0563782652325,101.530511748478,"atlantic","s(endYear):region_100atlantic",-0.368830845123734,-0.443800280441846,-0.293861409805622,"Decreasing"
"168",1954,83.4214710159708,2.10553145283331,79.2842605612015,87.55868147074,"boreal","s(endYear):region_100boreal",0.0230297342021743,-0.0849979975519402,0.131057465956289,"Stable"
"169",1954,102.585191503239,1.85902906814313,98.9323396372214,106.238043369257,"continental","s(endYear):region_100continental",-0.588663110017157,-0.841405625839699,-0.335920594194615,"Decreasing"
"170",1954,103.897672537729,3.31615700913942,97.3816741994445,110.413670876014,"mediterranean","s(endYear):region_100mediterranean",0.643034491742773,0.227422417493661,1.05864656599189,"Increasing"
"171",1955,93.8970830658466,2.20951813015249,89.5555466353325,98.2386194963607,"alpine","s(endYear):region_100alpine",-0.230493154855135,-0.503472763532571,0.0424864538223023,"Stable"
"172",1955,98.4246144632534,1.36675079958867,95.7390522554253,101.110176671081,"atlantic","s(endYear):region_100atlantic",-0.368830832348065,-0.443790425769097,-0.293871238927033,"Decreasing"
"173",1955,83.4444995442371,2.068179406432,79.3806830426527,87.5083160458214,"boreal","s(endYear):region_100boreal",0.0230273493408521,-0.0849779321134715,0.131032630795176,"Stable"
"174",1955,102.004549324376,1.82646778200741,98.4156779290559,105.593420719696,"continental","s(endYear):region_100continental",-0.572555668880307,-0.817932955788822,-0.327178381971791,"Decreasing"
"175",1955,104.537196328568,3.23087278485458,98.1887750568061,110.885617600329,"mediterranean","s(endYear):region_100mediterranean",0.635985005944344,0.231213626087209,1.04075638580148,"Increasing"
"176",1956,93.6739194675841,2.20689788372147,89.3375316236246,98.0103073115435,"alpine","s(endYear):region_100alpine",-0.215778378030773,-0.479539225475652,0.0479824694141063,"Stable"
"177",1956,98.0557839444949,1.34065805180015,95.4214920175259,100.690075871464,"atlantic","s(endYear):region_100atlantic",-0.368830795442865,-0.443780662286823,-0.293880928598908,"Decreasing"
"178",1956,83.467525657894,2.03100562866314,79.4767528250811,87.4582984907069,"boreal","s(endYear):region_100boreal",0.0230249055287341,-0.0849581970757258,0.131008008133194,"Stable"
"179",1956,101.440210501315,1.79823590190561,97.906812620464,104.973608382165,"continental","s(endYear):region_100continental",-0.55606007998845,-0.793940460779279,-0.318179699197621,"Decreasing"
"180",1956,105.169584878326,3.15181159222306,98.9765128853805,111.362656871272,"mediterranean","s(endYear):region_100mediterranean",0.628765620842151,0.235014620698534,1.02251662098577,"Increasing"
"181",1957,93.4656353302148,2.20753050023303,89.1280044425374,97.8032662178922,"alpine","s(endYear):region_100alpine",-0.200737604640673,-0.455164550172166,0.0536893408908195,"Stable"
"182",1957,97.6869534511539,1.31469136835494,95.1036840981201,100.270222804188,"atlantic","s(endYear):region_100atlantic",-0.368830769749839,-0.443771070776438,-0.293890468723239,"Decreasing"
"183",1957,83.49054930113,1.99401953417681,79.572451353598,87.4086472486621,"boreal","s(endYear):region_100boreal",0.0230224083253182,-0.0849388849892423,0.130983701639879,"Stable"
"184",1957,100.892551871476,1.77407378596504,97.4066307255584,104.378473017394,"continental","s(endYear):region_100continental",-0.539199052013706,-0.769469019533207,-0.308929084494205,"Decreasing"
"185",1957,105.794673262318,3.07882079526096,99.745022678674,111.844323845963,"mediterranean","s(endYear):region_100mediterranean",0.621386311887997,0.238807185574544,1.00396543820145,"Increasing"
"186",1958,93.2725464748567,2.21088544267301,88.9283233783955,97.6167695713179,"alpine","s(endYear):region_100alpine",-0.185391235302318,-0.430398070836364,0.0596156002317292,"Stable"
"187",1958,97.3181229837699,1.28885811487586,94.7856140248544,99.8506319426853,"atlantic","s(endYear):region_100atlantic",-0.36883074941931,-0.44376168111123,-0.293899817727389,"Decreasing"
"188",1958,83.5135704215098,1.95723120317127,79.6677587689389,87.3593820740806,"boreal","s(endYear):region_100boreal",0.0230198607509164,-0.0849200758123326,0.130959797314165,"Stable"
"189",1958,100.361927477074,1.7536826678854,96.9160733397922,103.807781614356,"continental","s(endYear):region_100continental",-0.521995449471261,-0.744560780601074,-0.299430118341448,"Decreasing"
"190",1958,106.412306532288,3.01169965239605,100.494543930475,112.330069134101,"mediterranean","s(endYear):region_100mediterranean",0.613857079696583,0.242571565277694,0.985142594115472,"Increasing"
"191",1959,93.0949479167537,2.21643643079334,88.7398175474257,97.4500782860817,"alpine","s(endYear):region_100alpine",-0.169760509600458,-0.405292961029851,0.0657719418289347,"Stable"
"192",1959,96.9492925428467,1.26316622254971,94.467266214049,99.4313188716445,"atlantic","s(endYear):region_100atlantic",-0.368830722718512,-0.443752514975573,-0.29390893046145,"Decreasing"
"193",1959,83.5365889700521,1.92065143817972,79.7626537959601,87.3105241441441,"boreal","s(endYear):region_100boreal",0.0230172655983532,-0.0849018454693219,0.130936376666028,"Stable"
"194",1959,99.8486680364936,1.73673100630826,96.4361226353069,103.26121343768,"continental","s(endYear):region_100continental",-0.504473072364105,-0.7192604650688,-0.28968567965941,"Decreasing"
"195",1959,107.022339947765,2.95020065637126,101.2254182334,112.819261662129,"mediterranean","s(endYear):region_100mediterranean",0.606188328154353,0.246286131787425,0.96609052452128,"Increasing"
"196",1960,92.9331134423912,2.22366988835275,88.5637698746811,97.3024570101013,"alpine","s(endYear):region_100alpine",-0.153866705140631,-0.37990541332258,0.0721720030413176,"Stable"
"197",1960,96.5804621288522,1.23762423961318,94.1486238695313,99.012300388173,"atlantic","s(endYear):region_100atlantic",-0.368830695568316,-0.443743613525675,-0.293917777610956,"Decreasing"
"198",1960,83.5596049013006,1.88429182571023,79.8571136225908,87.2620961800105,"boreal","s(endYear):region_100boreal",0.0230146267671069,-0.0848842698996327,0.130913523433847,"Stable"
"199",1960,99.3530804702277,1.72286175230948,95.9677871067943,102.738373833661,"continental","s(endYear):region_100continental",-0.486655778354567,-0.69361430130112,-0.279697255408015,"Decreasing"
"200",1960,107.624639183536,2.8940322111581,101.938084226435,113.311194140637,"mediterranean","s(endYear):region_100mediterranean",0.598390504829445,0.249927379032275,0.946853630626616,"Increasing"
"201",1961,92.7872952319627,2.23209178730204,88.4014032682003,97.1731871957251,"alpine","s(endYear):region_100alpine",-0.137731648153583,-0.35429600445659,0.0788327081494251,"Stable"
"202",1961,96.211631742217,1.2122413877077,93.8296688719025,98.5935946125315,"atlantic","s(endYear):region_100atlantic",-0.368830662121482,-0.443735002158923,-0.293926322084041,"Decreasing"
"203",1961,83.5826181733861,1.84816480310183,79.9511137685289,87.2141225782432,"boreal","s(endYear):region_100boreal",0.0230119475141828,-0.0848674185746224,0.130891313602988,"Stable"
"204",1961,98.8754474776553,1.71170008557402,95.5120859472746,102.238809008036,"continental","s(endYear):region_100continental",-0.468568030100726,-0.66767106340502,-0.269464996796431,"Decreasing"
"205",1961,108.219080514877,2.84286259927137,102.633069984685,113.805091045069,"mediterranean","s(endYear):region_100mediterranean",0.590474309771386,0.253469526171682,0.92747909337109,"Increasing"
"206",1962,92.6577235241198,2.2412329016457,88.2538699603158,97.0615770879238,"alpine","s(endYear):region_100alpine",-0.12137737061005,-0.328529809386095,0.0857750681659952,"Stable"
"207",1962,95.8428013833345,1.18702762352467,93.5103816574085,98.1752211092606,"atlantic","s(endYear):region_100atlantic",-0.368830634184695,-0.443726725569457,-0.293934542799933,"Decreasing"
"208",1962,83.6056287480822,1.81228373096847,80.0446279429498,87.1666295532145,"boreal","s(endYear):region_100boreal",0.0230092322310862,-0.08485136054184,0.130869825004012,"Stable"
"209",1962,98.4160271612189,1.70286117416772,95.0700334249073,101.76202089753,"continental","s(endYear):region_100continental",-0.450234535936806,-0.641481843385805,-0.258987228487808,"Decreasing"
"210",1962,108.805550982028,2.79632510769444,103.310983111802,114.300118852253,"mediterranean","s(endYear):region_100mediterranean",0.582450568997847,0.256884341757887,0.908016796237806,"Increasing"
"211",1963,92.5446063201895,2.25065258812759,88.1222437831089,96.9669688572701,"alpine","s(endYear):region_100alpine",-0.104826313339973,-0.302677470850873,0.0930248441709277,"Stable"
"212",1963,95.4739710525601,1.16199370617926,93.1907410855549,97.7572010195652,"atlantic","s(endYear):region_100atlantic",-0.368830611796287,-0.443718812335307,-0.293942411257268,"Decreasing"
"213",1963,83.6286365908547,1.77666297160506,80.1376278904932,87.1196452912162,"boreal","s(endYear):region_100boreal",0.0230064846436438,-0.0848361575785703,0.130849126865858,"Stable"
"214",1963,97.9750526948452,1.69595756453163,94.6426240306315,101.307481359059,"continental","s(endYear):region_100continental",-0.431680452512111,-0.615100683644518,-0.248260221379703,"Decreasing"
"215",1963,109.383948535313,2.75402410560081,103.972498942838,114.795398127788,"mediterranean","s(endYear):region_100mediterranean",0.574330292435844,0.260140770643776,0.888519814227912,"Increasing"
"216",1964,92.4481291252953,2.25994127600762,88.0075150173077,96.888743233283,"alpine","s(endYear):region_100alpine",-0.0881011193644204,-0.27681573064355,0.100613491914709,"Stable"
"217",1964,95.1051407502105,1.1371512707603,92.8707242945869,97.339557205834,"atlantic","s(endYear):region_100atlantic",-0.368830580283629,-0.443711271151583,-0.293949889415675,"Decreasing"
"218",1964,83.6516416709044,1.74131797372198,80.2300832248096,87.0732001169993,"boreal","s(endYear):region_100boreal",0.023003707594301,-0.0848218630269543,0.130829278215556,"Stable"
"219",1964,97.5527320337368,1.69060589304182,94.2308190002482,100.874645067225,"continental","s(endYear):region_100continental",-0.41293115060549,-0.588584638605311,-0.237277662605668,"Decreasing"
"220",1964,109.954182162149,2.7155418111891,104.618347374929,115.29001694937,"mediterranean","s(endYear):region_100mediterranean",0.566124568354868,0.263204647942583,0.869044488767153,"Increasing"
"221",1965,92.3684547240717,2.26872187925328,87.9105873931516,96.8263220549918,"alpine","s(endYear):region_100alpine",-0.0712245306654414,-0.251028230848902,0.108579169518019,"Stable"
"222",1965,94.7363104765638,1.11251290850181,92.5503065439577,96.9223144091699,"atlantic","s(endYear):region_100atlantic",-0.368830551454617,-0.443704140237382,-0.293956962671851,"Decreasing"
"223",1965,83.6746439612044,1.70626536385415,80.3219612489852,87.0273266734236,"boreal","s(endYear):region_100boreal",0.0230009055924454,-0.0848085309448841,0.130810342129775,"Stable"
"224",1965,97.1492476629431,1.68643271098778,93.8355346173485,100.462960708538,"continental","s(endYear):region_100continental",-0.394012134489003,-0.561994119628473,-0.226030149349532,"Decreasing"
"225",1965,110.51617199709,2.68044545426267,105.249298903415,115.783045090765,"mediterranean","s(endYear):region_100mediterranean",0.557844571118561,0.266038401595653,0.849650740641469,"Increasing"
"226",1966,92.3057229889175,2.27665034943624,87.8322768122446,96.7791691655904,"alpine","s(endYear):region_100alpine",-0.0542195808664577,-0.225406761634105,0.116967599901189,"Stable"
"227",1966,94.3674802318591,1.0880922540046,92.2294610429443,96.5054994207739,"atlantic","s(endYear):region_100atlantic",-0.368830522406335,-0.443697437780743,-0.293963607031926,"Decreasing"
"228",1966,83.6976434385318,1.67152304475316,80.413226762241,86.9820601148226,"boreal","s(endYear):region_100boreal",0.0229980822789346,-0.0847962065916323,0.130792371149501,"Stable"
"229",1966,96.7647563824083,1.68307931512126,93.4576325066973,100.071880258119,"continental","s(endYear):region_100continental",-0.374949222839892,-0.535393661788682,-0.214504783891101,"Decreasing"
"230",1966,111.069849415894,2.64829453776602,105.866150447536,116.273548384252,"mediterranean","s(endYear):region_100mediterranean",0.549501597319143,0.268600643662947,0.830402550975339,"Increasing"
"231",1967,92.2600507189879,2.28341557489929,87.7733113846769,96.7467900532989,"alpine","s(endYear):region_100alpine",-0.0371094152180799,-0.200051867519372,0.125833037083213,"Stable"
"232",1967,93.9986500162957,1.06390407989778,91.9081587646444,96.089141267947,"atlantic","s(endYear):region_100atlantic",-0.36883049317832,-0.443691183013451,-0.293969803343189,"Decreasing"
"233",1967,83.7206400834945,1.63711030101039,80.5038418524178,86.9374383145713,"boreal","s(endYear):region_100boreal",0.0229952414965495,-0.0847849301435869,0.130775413136686,"Stable"
"234",1967,96.3993891264782,1.68020556398564,93.0979119549409,99.7008662980155,"continental","s(endYear):region_100continental",-0.355768361978063,-0.508852212173556,-0.20268451178257,"Decreasing"
"235",1967,111.615157114523,2.61864792340084,106.469711506729,116.760602722318,"mediterranean","s(endYear):region_100mediterranean",0.541107002486723,0.270845903937874,0.811368101035572,"Increasing"
"236",1968,92.2315315083819,2.28873880874413,87.7343324211727,96.7287305955912,"alpine","s(endYear):region_100alpine",-0.0199172796024429,-0.175073430642226,0.13523887143734,"Stable"
"237",1968,93.6298198300337,1.03996439926234,91.5863682447219,95.6732714153454,"atlantic","s(endYear):region_100atlantic",-0.368830463810282,-0.443685392604709,-0.293975535015856,"Decreasing"
"238",1968,83.7436338805533,1.60304791206956,80.593765673937,86.8935020871696,"boreal","s(endYear):region_100boreal",0.0229923871047791,-0.0847747358630249,0.130759510072583,"Stable"
"239",1968,96.0532508161354,1.6774927290849,92.7571041605106,99.3493974717603,"continental","s(endYear):region_100continental",-0.336495611033511,-0.482443672773316,-0.190547549293706,"Decreasing"
"240",1968,112.152049173812,2.59107050849379,107.060791105755,117.243307241869,"mediterranean","s(endYear):region_100mediterranean",0.532672191523278,0.272724384063983,0.792619998982573,"Increasing"
"241",1969,92.2202356422378,2.29237278065233,87.7158960743909,96.7245752100847,"alpine","s(endYear):region_100alpine",-0.00266662116473054,-0.150590826298523,0.145257583969062,"Stable"
"242",1969,93.2609896731929,1.0162905760324,91.2640553644763,95.2579239819095,"atlantic","s(endYear):region_100atlantic",-0.368830434342275,-0.443680080637651,-0.293980788046898,"Decreasing"
"243",1969,83.7666248180387,1.56935827265989,80.682954211176,86.8502954249015,"boreal","s(endYear):region_100boreal",0.0229895229965274,-0.0847656520230251,0.13074469801608,"Stable"
"244",1969,95.7264202425198,1.6746454773627,92.4358682217206,99.016972263319,"continental","s(endYear):region_100continental",-0.317157254756402,-0.45624756578797,-0.178066943724833,"Decreasing"
"245",1969,112.680491110443,2.56513931634661,107.640185878599,117.720796342288,"mediterranean","s(endYear):region_100mediterranean",0.524208668074527,0.274181836114504,0.77423550003455,"Increasing"
"246",1970,92.226210019706,2.2941006195227,87.7184753788342,96.7339446605778,"alpine","s(endYear):region_100alpine",0.0146192806690806,-0.126731394681717,0.155969956019878,"Stable"
"247",1970,92.8921595458537,0.99290144343329,90.9411831181209,94.8431359735864,"atlantic","s(endYear):region_100atlantic",-0.368830404814063,-0.443675258453238,-0.293985551174889,"Decreasing"
"248",1970,83.7896128881642,1.53606552050661,80.771360027539,86.8078657487894,"boreal","s(endYear):region_100boreal",0.0229866530368527,-0.084757700612923,0.130731006686628,"Stable"
"249",1970,95.41894998058,1.67139310877359,92.1347886186862,98.7031113424739,"continental","s(endYear):region_100continental",-0.297779389880091,-0.4303488364522,-0.165209943307982,"Decreasing"
"250",1970,113.200459914741,2.54044888277413,108.208669522118,118.192250307365,"mediterranean","s(endYear):region_100mediterranean",0.515727853499737,0.275159692487926,0.756296014511547,"Increasing"
"251",1971,92.2494781030278,2.29373468790885,87.7424624901698,96.7564937158858,"alpine","s(endYear):region_100alpine",0.0319169228691564,-0.10362845004662,0.167462295784932,"Stable"
"252",1971,92.523329448056,0.969817430292403,90.6177113645911,94.4289475315208,"atlantic","s(endYear):region_100atlantic",-0.368830375610593,-0.44367093516139,-0.293989816059796,"Decreasing"
"253",1971,83.8125980870343,1.50319567094221,80.858932000965,86.7662641731036,"boreal","s(endYear):region_100boreal",0.0229837811494286,-0.084750897565873,0.13071845986473,"Stable"
"254",1971,95.1308663319893,1.66749018341014,91.8543739239817,98.4073587399969,"continental","s(endYear):region_100continental",-0.278388364096327,-0.40483851185818,-0.151938216334474,"Decreasing"
"255",1971,113.711944075654,2.51661588063498,108.766983734173,118.656904417135,"mediterranean","s(endYear):region_100mediterranean",0.507241279351597,0.27559544202801,0.738887116675184,"Increasing"
"256",1972,92.2900398922032,2.29111540661556,87.788170969477,96.7919088149294,"alpine","s(endYear):region_100alpine",0.0492027575935327,-0.0814163873281619,0.179821902515227,"Stable"
"257",1972,92.1544993797998,0.947060694753504,90.2935965648062,94.0154021947935,"atlantic","s(endYear):region_100atlantic",-0.3688303457377,-0.443667115487164,-0.293993575988236,"Decreasing"
"258",1972,83.835580414649,1.47077675773529,80.9456150472137,86.7255457820843,"boreal","s(endYear):region_100boreal",0.0229809111794049,-0.0847452522092497,0.13070707456806,"Stable"
"259",1972,94.8621692967477,1.66271667101967,91.5950564804537,98.1292821130416,"continental","s(endYear):region_100continental",-0.25901057415743,-0.379812959416114,-0.138208188898745,"Decreasing"
"260",1972,114.214943593181,2.49328297672541,109.315830647551,119.114056538811,"mediterranean","s(endYear):region_100mediterranean",0.498760497213233,0.275423507277195,0.72209748714927,"Increasing"
"261",1973,92.3478719249909,2.28611012908262,87.855837994998,96.8399058549838,"alpine","s(endYear):region_100alpine",0.0664535390253304,-0.0602232786271302,0.193130356677791,"Stable"
"262",1973,91.7856693410451,0.924655264513842,89.9687915061136,93.6025471759767,"atlantic","s(endYear):region_100atlantic",-0.368830316269482,-0.443663803849195,-0.293996828689769,"Decreasing"
"263",1973,83.8585598749038,1.4388389790597,81.0313498330471,86.6857699167604,"boreal","s(endYear):region_100boreal",0.0229780470507327,-0.0847407679592525,0.130696862060718,"Stable"
"264",1973,94.6128325731818,1.6568777460379,91.3571928039643,97.8684723423994,"continental","s(endYear):region_100continental",-0.239672080001326,-0.355372138355888,-0.123972021646764,"Decreasing"
"265",1973,114.709469978375,2.47012195825214,109.855866686681,119.563073270068,"mediterranean","s(endYear):region_100mediterranean",0.490296913421085,0.274576658260446,0.706017168581723,"Increasing"
"266",1974,92.4229273022405,2.27861211034419,87.9456264133869,96.900228191094,"alpine","s(endYear):region_100alpine",0.083645618734565,-0.0401627380746391,0.207453975543769,"Stable"
"267",1974,91.4168393317118,0.902627182163559,89.6432450167084,93.1904336467151,"atlantic","s(endYear):region_100atlantic",-0.36883028690154,-0.443661000368751,-0.293999573434328,"Decreasing"
"268",1974,83.8815364755852,1.40741484702588,81.1160724824078,86.6470004687626,"boreal","s(endYear):region_100boreal",0.0229751926682443,-0.0847374417598538,0.130687827096342,"Stable"
"269",1974,94.3828035863432,1.64980333709916,91.1410644969675,97.624542675719,"continental","s(endYear):region_100continental",-0.220399391729044,-0.33161825024079,-0.109180533217298,"Decreasing"
"270",1974,115.195546240911,2.44683619792085,110.387697711494,120.003394770328,"mediterranean","s(endYear):region_100mediterranean",0.481862129886456,0.272988143667436,0.690736116105477,"Increasing"
"271",1975,92.5151357388137,2.26853960409749,88.0576265648231,96.9726449128042,"alpine","s(endYear):region_100alpine",0.100755750839101,-0.0213230412422114,0.222834542920414,"Stable"
"272",1975,91.0480093516797,0.88100465350966,89.3169016741878,92.7791170291717,"atlantic","s(endYear):region_100atlantic",-0.368830257673583,-0.443658702806795,-0.29400181254037,"Decreasing"
"273",1975,83.9045102283627,1.37653933857151,81.1997142799214,86.6093061768039,"boreal","s(endYear):region_100boreal",0.0229723518914285,-0.0847352643098322,0.130679968092689,"Stable"
"274",1975,94.1720035450919,1.64134752412785,90.9468794902631,97.3971275999207,"continental","s(endYear):region_100continental",-0.201218568470578,-0.308650918320349,-0.0937862186208062,"Decreasing"
"275",1975,115.673206864107,2.42316254768348,110.911875271368,120.434538456846,"mediterranean","s(endYear):region_100mediterranean",0.473467551511326,0.270594519683753,0.6763405833389,"Increasing"
"276",1976,92.6244036406115,2.25583511330086,88.1918578325567,97.0569494486663,"alpine","s(endYear):region_100alpine",0.117760734181927,-0.00375889238627933,0.239280360750132,"Stable"
"277",1976,90.679179400789,0.859818195883959,88.9897015141372,92.368657287441,"atlantic","s(endYear):region_100atlantic",-0.368830228625243,-0.443656906267009,-0.294003550983478,"Decreasing"
"278",1976,83.9274811487755,1.34625004474061,81.2822013775616,86.5727609199893,"boreal","s(endYear):region_100boreal",0.0229695285723484,-0.084734220189091,0.130673277333788,"Stable"
"279",1976,93.9803275284453,1.63138786050622,90.7747734612345,97.185881595656,"continental","s(endYear):region_100continental",-0.182155619218104,-0.286562712097016,-0.0777485263391917,"Decreasing"
"280",1976,116.142497767128,2.39887276261508,111.428893769526,120.85610176473,"mediterranean","s(endYear):region_100mediterranean",0.465124561254619,0.267339200046942,0.662909922462295,"Increasing"
"281",1977,92.7506142084787,2.24046481426438,88.3482698784313,97.1529585385261,"alpine","s(endYear):region_100alpine",0.134637289337064,0.0125136672099337,0.256760911464194,"Increasing"
"282",1977,90.3103494788403,0.839100782337192,88.6615797468,91.9591192108806,"atlantic","s(endYear):region_100atlantic",-0.368830199796288,-0.44365560324633,-0.294004796346246,"Decreasing"
"283",1977,83.9504492562156,1.31658731445134,81.3634545121405,86.5374440002908,"boreal","s(endYear):region_100boreal",0.0229667265760621,-0.0847342879525456,0.13066774110467,"Stable"
"284",1977,93.8076446020576,1.6198246836578,90.6248113049798,96.9904778991353,"continental","s(endYear):region_100continental",-0.163236640704979,-0.265433360903268,-0.0610399205066906,"Decreasing"
"285",1977,116.603476254012,2.37377456001062,111.939188331015,121.26776417701,"mediterranean","s(endYear):region_100mediterranean",0.456844580475601,0.263176534802248,0.650512626148954,"Increasing"
"286",1978,92.8936275700164,2.22241817092505,88.526743532617,97.2605116074159,"alpine","s(endYear):region_100alpine",0.151362472316952,0.0275177389582265,0.275207205675677,"Increasing"
"287",1978,89.9415195855945,0.818887976286401,88.3324664925058,91.5505726786832,"atlantic","s(endYear):region_100atlantic",-0.368830171225911,-0.443654783655166,-0.294005558796655,"Decreasing"
"288",1978,83.9734145739061,1.28759438775089,81.4433887434504,86.5034404043618,"boreal","s(endYear):region_100boreal",0.0229639497119351,-0.0847354402520985,0.130663339675969,"Stable"
"289",1978,93.6537979659846,1.60658046533328,90.4969885587156,96.8106073732535,"continental","s(endYear):region_100continental",-0.144487353630937,-0.245323234582993,-0.0436514726788815,"Decreasing"
"290",1978,117.056210949001,2.34771241650517,112.443133171755,121.669288726246,"mediterranean","s(endYear):region_100mediterranean",0.448638865960642,0.258075853202313,0.639201878718971,"Increasing"
"291",1979,93.0532809405903,2.20170775448002,88.7270913090254,97.3794705721552,"alpine","s(endYear):region_100alpine",0.167913518220133,0.0413102033511465,0.294516833089119,"Increasing"
"292",1979,89.5726897207735,0.799218049596207,88.00228654965,91.143092891897,"atlantic","s(endYear):region_100atlantic",-0.368830145895261,-0.443654438459468,-0.294005853331053,"Decreasing"
"293",1979,83.9963771288738,1.25931751227488,81.5219132254034,86.4708410323442,"boreal","s(endYear):region_100boreal",0.0229612019429897,-0.0847376447213982,0.130660048607378,"Stable"
"294",1979,93.5186051351768,1.59159924318683,90.3912326991799,96.6459775711737,"continental","s(endYear):region_100continental",-0.125933280442571,-0.226268779475986,-0.0255977814091551,"Decreasing"
"295",1979,117.500781717541,2.32056819956276,112.941040278715,122.060523156367,"mediterranean","s(endYear):region_100mediterranean",0.440518590804149,0.252025139999873,0.629012041608425,"Increasing"
"296",1980,93.2293888150768,2.17836928339283,88.9490575184469,97.5097201117067,"alpine","s(endYear):region_100alpine",0.184267818126226,0.0539728066384549,0.314562829613998,"Increasing"
"297",1980,89.2038598840606,0.780132075242943,87.670959212616,90.7367605555052,"atlantic","s(endYear):region_100atlantic",-0.368830117958435,-0.443654545611552,-0.294005690305318,"Decreasing"
"298",1980,84.0193369519178,1.2318060351778,81.598931025363,86.4397428784727,"boreal","s(endYear):region_100boreal",0.0229584866561802,-0.0847408614708431,0.130657834783204,"Stable"
"299",1980,93.4018581544318,1.57484616787719,90.3074042474967,96.4963120613669,"continental","s(endYear):region_100continental",-0.107599761209743,-0.208280173783003,-0.00691934863648419,"Decreasing"
"300",1980,117.937279572215,2.29226172043595,113.433158229314,122.441400915116,"mediterranean","s(endYear):region_100mediterranean",0.432494839059083,0.245033643302135,0.61995603481603,"Increasing"
"301",1981,93.4217431921489,2.15246189961306,89.1923179500855,97.6511684342123,"alpine","s(endYear):region_100alpine",0.200402853121946,0.065601849122655,0.335203857121237,"Increasing"
"302",1981,88.8350300751003,0.76167398367037,87.3383981610407,90.33166198916,"atlantic","s(endYear):region_100atlantic",-0.368830090396163,-0.443655091374971,-0.294005089417355,"Decreasing"
"303",1981,84.0422940775726,1.20511246120842,81.6743390099933,86.4102491451519,"boreal","s(endYear):region_100boreal",0.0229558077736878,-0.0847450473381806,0.130656662885556,"Stable"
"304",1981,93.3033238498227,1.5563071947508,90.2452976264238,96.3613500732217,"continental","s(endYear):region_100continental",-0.089512042621059,-0.191342193622645,0.0123181083805267,"Stable"
"305",1981,118.365806562699,2.26275128460777,113.919670999811,122.811942125587,"mediterranean","s(endYear):region_100mediterranean",0.424578663133058,0.237132992680277,0.612024333585839,"Increasing"
"306",1982,93.630113833155,2.12406869827766,89.4564790896145,97.8037485766955,"alpine","s(endYear):region_100alpine",0.216296713116943,0.0762990743562043,0.356294351877682,"Increasing"
"307",1982,88.4662002934995,0.743890569780135,87.0045114460794,89.9278891409195,"atlantic","s(endYear):region_100atlantic",-0.368830057361348,-0.443656049220127,-0.294004065502569,"Decreasing"
"308",1982,84.0652485440643,1.17929246592629,81.7480278192466,86.382469268882,"boreal","s(endYear):region_100boreal",0.0229531685664407,-0.0847501522301096,0.130656489362991,"Stable"
"309",1982,93.2227441189073,1.53598894590381,90.2046417215995,96.2408465162151,"continental","s(endYear):region_100continental",-0.0716946813430015,-0.175417440183192,0.0320280774971891,"Stable"
"310",1982,118.786475648753,2.23203430323655,114.400696636842,123.172254660663,"mediterranean","s(endYear):region_100mediterranean",0.416780804218826,0.228376179807054,0.605185428630598,"Increasing"
"311",1983,93.8542485579016,2.09329752974664,89.7410768390197,97.9674202767836,"alpine","s(endYear):region_100alpine",0.231927405274961,0.0861637939424,0.377691016607522,"Increasing"
"312",1983,88.0973705388272,0.726831435355646,86.6692016035392,89.5255394741152,"atlantic","s(endYear):region_100atlantic",-0.368830030660608,-0.44365741177474,-0.294002649546476,"Decreasing"
"313",1983,84.0882003932621,1.15440485138925,81.8198819533846,86.3565188331396,"boreal","s(endYear):region_100boreal",0.0229505734194467,-0.0847561253055963,0.13065727214449,"Stable"
"314",1983,93.1598362623065,1.51391876675884,90.1851001019525,96.1345724226605,"continental","s(endYear):region_100continental",-0.0541723418392081,-0.160452919647556,0.0521082359691402,"Stable"
"315",1983,119.199410555102,2.20014801518359,114.876285693581,123.522535416622,"mediterranean","s(endYear):region_100mediterranean",0.409112069133886,0.21883547166143,0.599388666606343,"Increasing"
"316",1984,94.0938735799033,2.06028209400365,90.0455747014346,98.1421724583721,"alpine","s(endYear):region_100alpine",0.247273774613317,0.0952886299710138,0.39925891925562,"Increasing"
"317",1984,87.7285408106159,0.710548849823724,86.3323659274721,89.1247156937596,"atlantic","s(endYear):region_100atlantic",-0.368830010330079,-0.443659155632419,-0.294000865027738,"Decreasing"
"318",1984,84.1111496706226,1.13051143013021,81.8897800009,86.3325193403452,"boreal","s(endYear):region_100boreal",0.0229480258450449,-0.0847629088479099,0.130658960538,"Stable"
"319",1984,93.1142933595269,1.49014500085791,90.1862708555765,96.0423158634774,"continental","s(endYear):region_100continental",-0.0369687392967629,-0.146385625304273,0.0724481467107469,"Stable"
"320",1984,119.604745606957,2.16717035326454,115.346419363135,123.863071850778,"mediterranean","s(endYear):region_100mediterranean",0.401582836942472,0.208598109027986,0.594567564856958,"Increasing"
"321",1985,94.3486938839162,2.02518334744188,90.3693613944459,98.3280263733864,"alpine","s(endYear):region_100alpine",0.2623146150911,0.103756306894022,0.420872923288177,"Increasing"
"322",1985,87.3597111083615,0.695097510940163,85.9938969404107,88.7255252763123,"atlantic","s(endYear):region_100atlantic",-0.368829984636937,-0.443661241427489,-0.293998727846386,"Decreasing"
"323",1985,84.1340964251267,1.1076768220863,81.9575950374726,86.3105978127808,"boreal","s(endYear):region_100boreal",0.0229455286304905,-0.0847704382772171,0.130661495538198,"Stable"
"324",1985,93.0857846921839,1.46473750691736,90.2076859969796,95.9638833873882,"continental","s(endYear):region_100continental",-0.0201076361152947,-0.133149409441194,0.0929341372106048,"Stable"
"325",1985,120.00262554479,2.13322096939088,115.811007278997,124.194243810582,"mediterranean","s(endYear):region_100mediterranean",0.394203495073738,0.197762390560155,0.59064459958732,"Increasing"
"326",1986,94.6183936488223,1.988191239751,90.7117478601262,98.5250394375184,"alpine","s(endYear):region_100alpine",0.277029386696053,0.111639133699563,0.442419639692543,"Increasing"
"327",1986,86.9908814315246,0.680534186672527,85.653683097042,88.3280797660072,"atlantic","s(endYear):region_100atlantic",-0.368829953616271,-0.443663642372809,-0.293996264859732,"Decreasing"
"328",1986,84.15704070921,1.08596814860702,82.0231952271501,86.2908861912698,"boreal","s(endYear):region_100boreal",0.0229430851860195,-0.0847786482052756,0.130664818577315,"Stable"
"329",1986,93.073956218064,1.43778844273065,90.2488104008371,95.8991020352908,"continental","s(endYear):region_100continental",-0.00361205808691426,-0.120679079571023,0.113454963397195,"Stable"
"330",1986,120.393205316856,2.09846240974149,116.269884998444,124.516525635268,"mediterranean","s(endYear):region_100mediterranean",0.386984120874934,0.186432723352292,0.587535518397576,"Increasing"
"331",1987,94.902636719183,1.94952679243169,91.0719636524627,98.7333097859034,"alpine","s(endYear):region_100alpine",0.291397903111184,0.118998957118412,0.463796849103956,"Increasing"
"332",1987,86.6220517795309,0.666917220764878,85.3116097557363,87.9324938033255,"atlantic","s(endYear):region_100atlantic",-0.368829940840659,-0.443666358545657,-0.293993523135661,"Decreasing"
"333",1987,84.1799825786839,1.06545460807091,82.0864446561506,86.2735205012171,"boreal","s(endYear):region_100boreal",0.0229407003302665,-0.0847874753809293,0.130668876041462,"Stable"
"334",1987,93.0784310997459,1.40941334043891,90.3090402177866,95.8478219817052,"continental","s(endYear):region_100continental",0.0124953454465737,-0.108913940022717,0.133904630915864,"Stable"
"335",1987,120.776649847843,2.06310140108295,116.722811243664,124.830488452022,"mediterranean","s(endYear):region_100mediterranean",0.379934651533795,0.174715748305581,0.585153554762008,"Increasing"
"336",1988,95.201067129026,1.90944451813487,91.4491527073255,98.9529815507266,"alpine","s(endYear):region_100alpine",0.3054007733975,0.125888161667679,0.484913385127322,"Increasing"
"337",1988,86.2532221517724,0.654305887770915,84.9675604458595,87.5388838576852,"atlantic","s(endYear):region_100atlantic",-0.368829905151556,-0.443669310981324,-0.293990499321788,"Decreasing"
"338",1988,84.2029220926491,1.04620691934252,82.1472044263414,86.2586397589567,"boreal","s(endYear):region_100boreal",0.0229383747152247,-0.0847968391172023,0.130673588547652,"Stable"
"339",1988,93.0988102917777,1.37975249585947,90.3877007316795,95.8099198518758,"continental","s(endYear):region_100continental",0.0281928719155716,-0.0977992080280859,0.154184951859229,"Stable"
"340",1988,121.153133781887,2.02739017058909,117.169465051424,125.136802512349,"mediterranean","s(endYear):region_100mediterranean",0.373064542240396,0.162716521603928,0.583412562876864,"Increasing"
"341",1989,95.5133096816786,1.86823515843326,91.8423685427862,99.1842508205709,"alpine","s(endYear):region_100alpine",0.319019238336201,0.132350613456609,0.505687863215793,"Increasing"
"342",1989,85.8843925476081,0.64275958926395,84.6214184471606,87.1473666480556,"atlantic","s(endYear):region_100atlantic",-0.368829893657201,-0.443672525862797,-0.293987261451605,"Decreasing"
"343",1989,84.2258593133991,1.02829662266959,82.2053340288265,86.2463845979717,"boreal","s(endYear):region_100boreal",0.022936114389711,-0.0848066767549034,0.130678905534325,"Stable"
"344",1989,93.1346731906817,1.34897268927695,90.4840436283616,95.7853027530018,"continental","s(endYear):region_100continental",0.0434594517361704,-0.0872870946609716,0.174205998133313,"Stable"
"345",1989,121.522841198097,1.99162767172268,117.609443079835,125.436239316359,"mediterranean","s(endYear):region_100mediterranean",0.366383063389675,0.150536279620967,0.582229847158383,"Increasing"
"346",1990,95.8389705897016,1.82622868261991,92.2505690066393,99.4273721727639,"alpine","s(endYear):region_100alpine",0.332234588675172,0.138422542318386,0.526046635031957,"Increasing"
"347",1990,85.5155629663654,0.632336891839758,84.2730686800248,86.758057252706,"atlantic","s(endYear):region_100atlantic",-0.368829859313359,-0.443675915155357,-0.293983803471361,"Decreasing"
"348",1990,84.248794306314,1.01179523296727,82.260693007573,86.236895605055,"boreal","s(endYear):region_100boreal",0.0229339195257584,-0.0848169018061631,0.13068474085768,"Stable"
"349",1990,93.1855783523342,1.31726924389212,90.5972436683555,95.7739130363129,"continental","s(endYear):region_100continental",0.0582741515367196,-0.0773371129569189,0.193885416030358,"Stable"
"350",1990,121.88596529659,1.95616052618045,118.04225744353,125.72967314965,"mediterranean","s(endYear):region_100mediterranean",0.359899327379638,0.138271091410312,0.581527563348964,"Increasing"
"351",1991,96.1776381792207,1.78379743644979,92.672610793693,99.6826655647484,"alpine","s(endYear):region_100alpine",0.345029663376255,0.1441343214146,0.545925005337911,"Increasing"
"352",1991,85.1467334073411,0.623094419454839,83.9223998819463,86.3710669327358,"atlantic","s(endYear):region_100atlantic",-0.368829837456491,-0.443679489494177,-0.293980185418805,"Decreasing"
"353",1991,84.2717271397436,0.99677324794212,82.313142908256,86.2303113712311,"boreal","s(endYear):region_100boreal",0.0229317951732785,-0.0848274460101384,0.130691036356695,"Stable"
"354",1991,93.2510642815362,1.28486840746955,90.726394796674,95.7757337663984,"continental","s(endYear):region_100continental",0.0726177033527394,-0.0679146912502974,0.213150097955776,"Stable"
"355",1991,122.242708052932,1.92138341628278,118.467334597091,126.018081508773,"mediterranean","s(endYear):region_100mediterranean",0.35362180382005,0.126009718396387,0.581233889243713,"Increasing"
"356",1992,96.5288836631892,1.74135925135587,93.1072441096579,99.9505232167205,"alpine","s(endYear):region_100alpine",0.357387553548034,0.149510851864486,0.565264255231583,"Increasing"
"357",1992,84.7779038698026,0.615085627109532,83.5693070171498,85.9865007224554,"atlantic","s(endYear):region_100atlantic",-0.368829828115482,-0.443683216524422,-0.293976439706541,"Decreasing"
"358",1992,84.2946578848789,0.983299023126166,82.3625494886031,86.2267662811546,"boreal","s(endYear):region_100boreal",0.0229297441396364,-0.0848382318539553,0.130697720133228,"Stable"
"359",1992,93.330650298857,1.252030007774,90.8705057919311,95.7907948057828,"continental","s(endYear):region_100continental",0.0864711519560757,-0.0589914223761199,0.231933726288271,"Stable"
"360",1992,122.593279838757,1.88773857617254,118.884015955426,126.302543722088,"mediterranean","s(endYear):region_100mediterranean",0.347558788556517,0.113834213781929,0.581283363331105,"Increasing"
"361",1993,96.8922619883501,1.69938021569714,93.5531080728152,100.231415903885,"alpine","s(endYear):region_100alpine",0.369292756913039,0.154572939362402,0.584012574463675,"Increasing"
"362",1993,84.4090743529897,0.608359498758937,83.2136938350987,85.6044548708807,"atlantic","s(endYear):region_100atlantic",-0.368829796009666,-0.44368702143607,-0.293972570583262,"Decreasing"
"363",1993,84.3175866156116,0.971437537244799,82.4087851442129,86.2263880870103,"boreal","s(endYear):region_100boreal",0.0229277667979756,-0.0848491740133347,0.130704707609286,"Stable"
"364",1993,93.4238374900968,1.2190502768221,91.0284956663635,95.8191793138302,"continental","s(endYear):region_100continental",0.0998171490372813,-0.0505434913972186,0.250177789471781,"Stable"
"365",1993,122.937899006234,1.85571394142274,119.291561114115,126.584236898353,"mediterranean","s(endYear):region_100mediterranean",0.341717837265423,0.101818771321097,0.58161690320975,"Increasing"
"366",1994,97.2673127608968,1.65837666643181,94.00872772619,100.525897795604,"alpine","s(endYear):region_100alpine",0.380730186560642,0.15933759687064,0.602122776250644,"Increasing"
"367",1994,84.040244856116,0.60295922778816,82.8554754632637,85.2250142489683,"atlantic","s(endYear):region_100atlantic",-0.368829776471961,-0.443690914264163,-0.293968638679759,"Decreasing"
"368",1994,84.3405134083805,0.961249083659589,82.4517314796174,86.2292953371435,"boreal","s(endYear):region_100boreal",0.0229258678538426,-0.0848602032483048,0.13071193895599,"Stable"
"369",1994,93.530109743973,1.18626465527691,91.1991891930923,95.8610302948536,"continental","s(endYear):region_100continental",0.112638751773105,-0.0425517610358186,0.267829264582028,"Stable"
"370",1994,123.276791433917,1.82583944015056,119.689154682941,126.864428184893,"mediterranean","s(endYear):region_100mediterranean",0.336106401947435,0.090031054416806,0.582181749478064,"Increasing"
"371",1995,97.6535612560571,1.61891578485642,94.472513876553,100.834608635561,"alpine","s(endYear):region_100alpine",0.39168607619444,0.163819055253319,0.619553097135561,"Increasing"
"372",1995,83.6714153783706,0.598920951039465,82.4945808946651,84.8482498620761,"atlantic","s(endYear):region_100atlantic",-0.368829757756836,-0.443694848840687,-0.293964666672984,"Decreasing"
"373",1995,84.3634383420035,0.952787935718412,82.4912819306007,86.2355947534063,"boreal","s(endYear):region_100boreal",0.0229240488592797,-0.0848712407300465,0.130719338448606,"Stable"
"374",1995,93.6489348838839,1.154050268914,91.381313171819,95.9165565959487,"continental","s(endYear):region_100continental",0.124920537876289,-0.0350003500381309,0.284841425790709,"Stable"
"375",1995,123.610190031422,1.79868086885709,120.075917824082,127.144462238762,"mediterranean","s(endYear):region_100mediterranean",0.330731219941926,0.0785315210485639,0.582930918835287,"Increasing"
"376",1996,98.0505195170453,1.58161398871162,94.942767352763,101.158271681327,"alpine","s(endYear):region_100alpine",0.402147776990879,0.16802918732168,0.636266366660078,"Increasing"
"377",1996,83.3025859189198,0.59627261464108,82.1309552164356,84.474216621404,"atlantic","s(endYear):region_100atlantic",-0.368829739885896,-0.443698793722468,-0.293960686049323,"Decreasing"
"378",1996,84.3863614974956,0.946101044181919,82.5273443234751,86.2453786715162,"boreal","s(endYear):region_100boreal",0.0229223119143575,-0.0848822118517972,0.130726835680512,"Stable"
"379",1996,93.7797658998587,1.12282760920541,91.573494358554,95.9860374411635,"continental","s(endYear):region_100continental",0.136648327745676,-0.0278762332196514,0.301172888711004,"Stable"
"380",1996,123.93833420026,1.77483082679532,120.450925526225,127.425742874295,"mediterranean","s(endYear):region_100mediterranean",0.325598497018671,0.0673741473864481,0.583822846650893,"Increasing"
"381",1997,98.4576875490431,1.54713214058731,95.4176896148712,101.497685483215,"alpine","s(endYear):region_100alpine",0.412103911341868,0.171977998033109,0.652229824650626,"Increasing"
"382",1997,82.9337564769097,0.595033049511357,81.7645614263874,84.1029515274319,"atlantic","s(endYear):region_100atlantic",-0.368829734647626,-0.443702732458014,-0.293956736837237,"Decreasing"
"383",1997,84.4092829578705,0.941226831787239,82.5598432434746,86.2587226722663,"boreal","s(endYear):region_100boreal",0.0229206596416491,-0.084893046870216,0.130734366153514,"Stable"
"384",1997,93.9220422870352,1.09306075319303,91.7742603720594,96.069824202011,"continental","s(endYear):region_100continental",0.147809356814954,-0.0211686134108609,0.316787327040769,"Stable"
"385",1997,124.261469248046,1.75489632307849,120.813230369872,127.709708126219,"mediterranean","s(endYear):region_100mediterranean",0.320713831948601,0.0566067484290174,0.584820915468184,"Increasing"
"386",1998,98.87455461408,1.51616650312002,95.8954018213548,101.853707406805,"alpine","s(endYear):region_100alpine",0.42154433420095,0.175673961156686,0.667414707245214,"Increasing"
"387",1998,82.5649270514676,0.595211325104397,81.3953817028549,83.7344724000803,"atlantic","s(endYear):region_100atlantic",-0.36882970675221,-0.443706593013639,-0.29395282049078,"Decreasing"
"388",1998,84.4322028079253,0.938194151890593,82.5887220807284,86.2756835351222,"boreal","s(endYear):region_100boreal",0.0229190915248426,-0.0849036678643395,0.130741850914025,"Stable"
"389",1998,94.0751914972479,1.06525524466094,91.9820453087745,96.1683376857214,"continental","s(endYear):region_100continental",0.158392282344978,-0.0148684529968911,0.331653017686847,"Stable"
"390",1998,124.579845753202,1.73948295549463,121.161892979483,127.997798526922,"mediterranean","s(endYear):region_100mediterranean",0.316082152041739,0.0462714159902329,0.585892888093246,"Increasing"
"391",1999,99.3006006328816,1.48943445913458,96.3739742898112,102.227226975952,"alpine","s(endYear):region_100alpine",0.430460538884701,0.179124473734732,0.68179660403467,"Increasing"
"392",1999,82.1960976417053,0.596806431897538,81.0234180285856,83.368777254825,"atlantic","s(endYear):region_100atlantic",-0.368829703290374,-0.443710403819702,-0.293949002761045,"Decreasing"
"393",1999,84.4551211340084,0.937021473895734,82.6139446305996,86.2962976374171,"boreal","s(endYear):region_100boreal",0.0229176119105374,-0.084914019284593,0.130749243105668,"Stable"
"394",1999,94.2386305105307,1.03995257884974,92.195202151438,96.2820588696235,"continental","s(endYear):region_100continental",0.16838752806281,-0.00896792896635651,0.345742985091976,"Stable"
"395",1999,124.893718877187,1.72917600115308,121.496018491149,128.291419263224,"mediterranean","s(endYear):region_100mediterranean",0.311707697590904,0.0364047027594499,0.587010692422359,"Increasing"
"396",2000,99.7352976999549,1.4676543901987,96.8514675491646,102.619127850745,"alpine","s(endYear):region_100alpine",0.438845217552955,0.182335920779481,0.69535451432643,"Increasing"
"397",2000,81.8272682467209,0.599807318142048,80.64869211853,83.0058443749118,"atlantic","s(endYear):region_100atlantic",-0.368829677198406,-0.443714081486323,-0.29394527291049,"Decreasing"
"398",2000,84.4780380237671,0.937716347498043,82.635496146154,86.3205799013802,"boreal","s(endYear):region_100boreal",0.0229162190778025,-0.0849240274774736,0.130756465633079,"Stable"
"399",2000,94.4117675335593,1.01772017568755,92.4120241693752,96.4115108977433,"continental","s(endYear):region_100continental",0.177786941822924,-0.00346026589950799,0.359034149545356,"Stable"
"400",2000,125.203347621157,1.72451932474175,121.814797252948,128.591897989365,"mediterranean","s(endYear):region_100mediterranean",0.307593987229798,0.0270382754858269,0.588149698973769,"Increasing"
"401",2001,100.178111718358,1.45151985704352,97.3259847079618,103.030238728755,"alpine","s(endYear):region_100alpine",0.446693711935632,0.185314435440519,0.708072988430745,"Increasing"
"402",2001,81.4584388656021,0.604193277791892,80.2712446575943,82.6456330736099,"atlantic","s(endYear):region_100atlantic",-0.368829663791411,-0.443717643913821,-0.293941683669002,"Decreasing"
"403",2001,84.5009535658772,0.940275181304487,82.6533837728835,86.3485233588709,"boreal","s(endYear):region_100boreal",0.0229149160007283,-0.0849336432420139,0.130763475243471,"Stable"
"404",2001,94.5940038322633,0.999135919087295,92.6307771302252,96.5572305343014,"continental","s(endYear):region_100continental",0.186585271530693,0.00166134090851713,0.371509202152868,"Increasing"
"405",2001,125.508994023921,1.72599360851883,122.117546799317,128.900441248526,"mediterranean","s(endYear):region_100mediterranean",0.303743356456195,0.0181979089042884,0.589288804008101,"Increasing"
"406",2002,100.628504160786,1.44166934567472,97.795732662066,103.461275659507,"alpine","s(endYear):region_100alpine",0.454001682254607,0.188065170791143,0.719938193718071,"Increasing"
"407",2002,81.0896094974289,0.609934658368965,79.8911339097408,82.288085085117,"atlantic","s(endYear):region_100atlantic",-0.368829651307753,-0.443721053740425,-0.293938248875081,"Decreasing"
"408",2002,84.5238678497497,0.944683350753729,82.6676363363589,86.3800993631406,"boreal","s(endYear):region_100boreal",0.0229137026662827,-0.0849428097657997,0.130770215098365,"Stable"
"409",2002,94.7847357060396,0.984766918677249,92.8497430057501,96.7197284063291,"continental","s(endYear):region_100continental",0.194777662227034,0.0064025236939379,0.38315280076013,"Increasing"
"410",2002,125.810922297916,1.73399589145889,122.40375119106,129.218093404772,"mediterranean","s(endYear):region_100mediterranean",0.300157917768115,0.00990624920685762,0.590409586329372,"Increasing"
"411",2003,101.085933963758,1.4386541643078,98.2590870689461,103.912780858571,"alpine","s(endYear):region_100alpine",0.460768217322789,0.190593620732604,0.730942813912975,"Increasing"
"412",2003,80.7207801412772,0.616993833794291,79.5084338064519,81.9331264761025,"atlantic","s(endYear):region_100atlantic",-0.368829663287085,-0.443724318972758,-0.293935007601412,"Decreasing"
"413",2003,84.5467809652169,0.950915627833673,82.6783034975528,86.4152584328809,"boreal","s(endYear):region_100boreal",0.0229125806928708,-0.0849514856361882,0.13077664702193,"Stable"
"414",2003,94.983356611179,0.975143189224091,93.0672738132107,96.8994394091472,"continental","s(endYear):region_100continental",0.202363072402139,0.0107698916439541,0.393956253160324,"Increasing"
"415",2003,126.109397899876,1.74882260480105,122.673093419891,129.54570237986,"mediterranean","s(endYear):region_100mediterranean",0.29683815158302,0.00217971612790885,0.591496587038131,"Increasing"
"416",2004,101.549859561863,1.4429082365147,98.7146537361088,104.385065387617,"alpine","s(endYear):region_100alpine",0.466993768322573,0.192904944444379,0.741082592200767,"Increasing"
"417",2004,80.3519507962217,0.625326370929652,79.1232316545667,81.5806699378767,"atlantic","s(endYear):region_100atlantic",-0.368829629114345,-0.443727336511696,-0.293931921716995,"Decreasing"
"418",2004,84.5696930021941,0.958936903583163,82.6854543328407,86.4539316715475,"boreal","s(endYear):region_100boreal",0.0229115456042176,-0.0849596130039438,0.130782704212379,"Stable"
"419",2004,95.1892594412969,0.970728347613713,93.281851474019,97.0966674085747,"continental","s(endYear):region_100continental",0.209342067990001,0.0147699381807723,0.40391419779923,"Increasing"
"420",2004,126.404686532792,1.77065808182223,122.925476987819,129.883896077764,"mediterranean","s(endYear):region_100mediterranean",0.293783736429967,-0.00496910104403109,0.592536573903965,"Stable"
"421",2005,102.019741069144,1.45472406224046,99.1613180372739,104.878164101014,"alpine","s(endYear):region_100alpine",0.472680852701534,0.195004343589574,0.750357361813494,"Increasing"
"422",2005,79.9831214613403,0.634882311220517,78.7356256179535,81.230617304727,"atlantic","s(endYear):region_100atlantic",-0.368829619399525,-0.443730175613997,-0.293929063185053,"Decreasing"
"423",2005,84.5926040503182,0.968703156305958,82.6891754311712,86.4960326694651,"boreal","s(endYear):region_100boreal",0.0229106013837198,-0.0849671725254364,0.130788375292876,"Stable"
"424",2005,95.4018389727147,0.971890851300202,93.492146773397,97.3115311720324,"continental","s(endYear):region_100continental",0.21571741095418,0.0184094494102394,0.413025372498121,"Increasing"
"425",2005,126.697053075681,1.79956988402206,123.161034020612,130.233072130749,"mediterranean","s(endYear):region_100mediterranean",0.290993537309733,-0.0115316728290293,0.593518747448496,"Stable"
"426",2006,102.49504261485,1.47423863189418,99.598274925871,105.39181030383,"alpine","s(endYear):region_100alpine",0.477834785673615,0.196897401455824,0.758772169891406,"Increasing"
"427",2006,79.6142921357175,0.645607490235629,78.3457221247181,80.8828621467168,"atlantic","s(endYear):region_100atlantic",-0.368829610595447,-0.443732795316905,-0.29392642587399,"Decreasing"
"428",2006,84.615514198559,0.980162605723856,82.6895686258544,86.5414597712637,"boreal","s(endYear):region_100boreal",0.0229097456817762,-0.0849741307157867,0.130793622079339,"Stable"
"429",2006,95.6204944828832,0.978880184157302,93.6970687718057,97.5439201939608,"continental","s(endYear):region_100continental",0.221495079812579,0.0216962636498182,0.42129389597534,"Increasing"
"430",2006,126.986760437619,1.8355113465131,123.380119120329,130.593401754909,"mediterranean","s(endYear):region_100mediterranean",0.288464913099822,-0.01750451939979,0.594434345599435,"Stable"
"431",2007,102.975234840877,1.50143153500416,100.025035148832,105.925434532921,"alpine","s(endYear):region_100alpine",0.48246365130461,0.198590144955413,0.766337157653806,"Increasing"
"432",2007,79.245462818449,0.657444826512451,77.9536333347236,80.5372923021745,"atlantic","s(endYear):region_100atlantic",-0.368829602688303,-0.443735186025232,-0.293924019351374,"Decreasing"
"433",2007,84.6384235348056,0.993256986930515,82.6867484909244,86.5900985786867,"boreal","s(endYear):region_100boreal",0.022908977156198,-0.0849804670197175,0.130798421332114,"Stable"
"434",2007,95.8446325500685,0.991812185585493,93.8957964318286,97.7934686683085,"continental","s(endYear):region_100continental",0.226684136975484,0.0246392508596987,0.42872902309127,"Increasing"
"435",2007,127.274068332446,1.87833073239565,123.58329015237,130.964846512523,"mediterranean","s(endYear):region_100mediterranean",0.286193897593342,-0.0228888466745044,0.595276641861188,"Stable"
"436",2008,103.459797568329,1.53613530116,100.441407593985,106.478187542674,"alpine","s(endYear):region_100alpine",0.486577781097689,0.200088913438893,0.773066648756484,"Increasing"
"437",2008,78.8766335086464,0.670335524568911,77.559474775768,80.1937922415249,"atlantic","s(endYear):region_100atlantic",-0.368829595660443,-0.443737340980293,-0.293921850340593,"Decreasing"
"438",2008,84.6613321454224,1.00792287795654,82.680839732131,86.6418245587139,"boreal","s(endYear):region_100boreal",0.022908294091657,-0.0849861678090833,0.130802755992397,"Stable"
"439",2008,96.0736700426294,1.01066622203642,94.0877871651903,98.0595529200685,"continental","s(endYear):region_100continental",0.231296164278448,0.0272480796224032,0.435344248934494,"Increasing"
"440",2008,127.559231970494,1.9277855517923,123.77127880138,131.347185139607,"mediterranean","s(endYear):region_100mediterranean",0.284175421944968,-0.0276898223235006,0.596040666213437,"Stable"
"441",2009,103.94822264073,1.57805584410021,100.847461962168,107.048983319292,"alpine","s(endYear):region_100alpine",0.490190816215048,0.201400800388008,0.778980832042089,"Increasing"
"442",2009,78.5078042054416,0.684220152649711,77.1633632258984,79.8522451849848,"atlantic","s(endYear):region_100atlantic",-0.368829589488566,-0.443739256823042,-0.293919922154089,"Decreasing"
"443",2009,84.6842401147783,1.02409302013913,82.6719745920409,86.6965056375158,"boreal","s(endYear):region_100boreal",0.0229076942233255,-0.0849912278693237,0.130806616315975,"Stable"
"444",2009,96.3070373063079,1.03529450244149,94.2727617159327,98.3413128966831,"continental","s(endYear):region_100continental",0.235346453755426,0.0295339622067982,0.441158945304054,"Increasing"
"445",2009,127.842500663653,1.98356012572467,123.944954664628,131.740046662678,"mediterranean","s(endYear):region_100mediterranean",0.28240279352343,-0.0319176761361781,0.596723263183039,"Stable"
"446",2010,104.440016951425,1.62679941612008,101.243478831262,107.636555071588,"alpine","s(endYear):region_100alpine",0.493319338495652,0.202533565370939,0.784105111620365,"Increasing"
"447",2010,78.1389749079921,0.699039571457393,76.7654148885304,79.5125349274538,"atlantic","s(endYear):region_100atlantic",-0.368829584144346,-0.443740933393141,-0.29391823489555,"Decreasing"
"448",2010,84.7071475247432,1.04169757985463,82.660290370326,86.7540046791605,"boreal","s(endYear):region_100boreal",0.0229071747981389,-0.084995649869731,0.130809999466009,"Stable"
"449",2010,96.5441815580224,1.06544138303276,94.4506696216913,98.6376934943534,"continental","s(endYear):region_100continental",0.238853594001791,0.0315094807403435,0.446197707263238,"Increasing"
"450",2010,128.124116340064,2.04528440935709,124.105286780438,132.14294589969,"mediterranean","s(endYear):region_100mediterranean",0.280867876941699,-0.0355871499775242,0.597322903860922,"Stable"
"451",2011,104.934705662828,1.68190205026363,101.629895023744,108.239516301911,"alpine","s(endYear):region_100alpine",0.495983312115812,0.203495837637152,0.788470786594472,"Increasing"
"452",2011,77.770145615487,0.714735704093866,76.3657438795761,79.1745473513978,"atlantic","s(endYear):region_100atlantic",-0.368829579593679,-0.44374237392081,-0.293916785266548,"Decreasing"
"453",2011,84.7300544541539,1.06066531183739,82.6459271373951,86.8141817709127,"boreal","s(endYear):region_100boreal",0.0229067325014662,-0.084999444884081,0.130812909887013,"Stable"
"454",2011,96.7845704947025,1.10076885188586,94.6216427473263,98.9474982420787,"continental","s(endYear):region_100continental",0.241839965285269,0.0331889219187616,0.450491008651775,"Increasing"
"455",2011,128.404311964693,2.1125523621201,124.253305952862,132.555317976524,"mediterranean","s(endYear):region_100mediterranean",0.279560877369335,-0.0387179017777667,0.597839656516437,"Stable"
"456",2012,105.431835625116,1.74285797736781,102.007251188042,108.856420062191,"alpine","s(endYear):region_100alpine",0.49820615067687,0.204297180187981,0.792115121165758,"Increasing"
"457",2012,77.401316327152,0.73125214872365,75.9644610236129,78.8381716306911,"atlantic","s(endYear):region_100atlantic",-0.36882957579657,-0.443743584993656,-0.293915566599485,"Decreasing"
"458",2012,84.7529609782463,1.08092459667011,82.6290256952359,86.8768962612567,"boreal","s(endYear):region_100boreal",0.0229063634459726,-0.0850026323261752,0.13081535921812,"Stable"
"459",2012,97.0276961257279,1.14088395916364,94.7859452190013,99.2694470324544,"continental","s(endYear):region_100continental",0.244331814752664,0.0345883696061493,0.454075259899179,"Increasing"
"460",2012,128.683309862047,2.18493862262105,124.390070309452,132.976549414642,"mediterranean","s(endYear):region_100mediterranean",0.278470307617912,-0.0413344794371558,0.59827509467298,"Stable"
"461",2013,105.93097900204,1.80914457345218,102.376146404596,109.485811599484,"alpine","s(endYear):region_100alpine",0.500014722795839,0.204948130004193,0.795081315587486,"Increasing"
"462",2013,77.0324870422564,0.748534643711706,75.5616729399291,78.5033011445838,"atlantic","s(endYear):region_100atlantic",-0.368829572707122,-0.443744576459553,-0.293914568954691,"Decreasing"
"463",2013,84.7758671680536,1.10240433677715,82.6097258162538,86.9420085198534,"boreal","s(endYear):region_100boreal",0.0229060631706905,-0.0850052397274692,0.13081736606885,"Stable"
"464",2013,97.2730788375305,1.18536462803292,94.9439267722824,99.6022309027785,"continental","s(endYear):region_100continental",0.246359262697087,0.0357257559637561,0.456992769430417,"Increasing"
"465",2013,128.961319937282,2.26201276602768,124.516635507687,133.406004366877,"mediterranean","s(endYear):region_100mediterranean",0.27758298539813,-0.0434662260303226,0.598632196826582,"Stable"
"466",2014,106.431737111432,1.88024258576131,102.73720228373,110.126271939133,"alpine","s(endYear):region_100alpine",0.501441118747721,0.205460869771561,0.797421367723882,"Increasing"
"467",2014,76.6636577601192,0.766531400306134,75.1574813888339,78.1698341314044,"atlantic","s(endYear):region_100atlantic",-0.368829570270517,-0.443745362274514,-0.293913778266519,"Decreasing"
"468",2014,84.7987730897687,1.12503470547569,82.5881647708053,87.009381408732,"boreal","s(endYear):region_100boreal",0.022905826347706,-0.0850073050068159,0.130818957702228,"Stable"
"469",2014,97.520271698891,1.23378154253608,95.0959840494176,99.9445593483644,"continental","s(endYear):region_100continental",0.247958283001693,0.0366220166672293,0.459294549336156,"Increasing"
"470",2014,129.238537791968,2.34335088051725,124.634030103886,133.843045480049,"mediterranean","s(endYear):region_100mediterranean",0.276883166569211,-0.0451492665310241,0.598915599669446,"Stable"
"471",2015,106.933744487983,1.95565138869764,103.091037051665,110.776451924301,"alpine","s(endYear):region_100alpine",0.502519720970017,0.205848209591483,0.799191232348551,"Increasing"
"472",2015,76.294828480116,0.785193320742173,74.7519828431068,77.8376741171252,"atlantic","s(endYear):region_100atlantic",-0.368829568428021,-0.443745958746434,-0.293913178109609,"Decreasing"
"473",2015,84.8216788040692,1.14874775184026,82.5644761380103,87.0788814701281,"boreal","s(endYear):region_100boreal",0.02290564726854,-0.0850088719018264,0.130820166438906,"Stable"
"474",2015,97.7688650154004,1.28571512575871,95.24253179298,100.295198237821,"continental","s(endYear):region_100continental",0.24916741911272,0.0372992925853804,0.461035545640061,"Increasing"
"475",2015,129.515142730808,2.42854454046041,124.743235928302,134.287049533314,"mediterranean","s(endYear):region_100mediterranean",0.276353982408894,-0.0464229582629353,0.599130923080723,"Stable"
"476",2016,107.43667317577,2.03489969557122,103.438248795267,111.435097556272,"alpine","s(endYear):region_100alpine",0.503291218142424,0.206125064643633,0.800457371641214,"Increasing"
"477",2016,75.9259992016865,0.804474120484827,74.3452682478067,77.5067301555663,"atlantic","s(endYear):region_100atlantic",-0.36882956711013,-0.443746386581636,-0.293912747638625,"Decreasing"
"478",2016,84.8445843654055,1.17347787017044,82.5387888825707,87.1503798482402,"boreal","s(endYear):region_100boreal",0.0229055191776949,-0.0850099954023311,0.130821033757721,"Stable"
"479",2016,98.0184911414669,1.34076764567897,95.3839838707942,100.65299841214,"continental","s(endYear):region_100continental",0.250032283908499,0.0377834939771577,0.462281073839841,"Increasing"
"480",2016,129.791295655641,2.51720746648801,124.84517289259,134.737418418691,"mediterranean","s(endYear):region_100mediterranean",0.275975470224395,-0.0473345341008211,0.599285474549611,"Stable"
"481",2017,107.940237257875,2.11755250131379,103.779406349759,112.10106816599,"alpine","s(endYear):region_100alpine",0.503798613469699,0.206307055418817,0.801290171520581,"Increasing"
"482",2017,75.5571699243425,0.824330372763411,73.9374229327735,77.1769169159115,"atlantic","s(endYear):region_100atlantic",-0.368829566243385,-0.44374666850137,-0.2939124639854,"Decreasing"
"483",2017,84.8674898212479,1.19916214683551,82.5112266724949,87.2237529700008,"boreal","s(endYear):region_100boreal",0.0229054349353949,-0.0850107355473767,0.130821605418167,"Stable"
"484",2017,98.2688295581252,1.39857110185841,95.520742856993,101.016916259257,"continental","s(endYear):region_100continental",0.250601084899349,0.0381018344973936,0.463100335301304,"Increasing"
"485",2017,130.067136843114,2.60898026468384,124.940687455331,135.193586230898,"mediterranean","s(endYear):region_100mediterranean",0.275726531769919,-0.0479342982939281,0.599387361833766,"Stable"
"486",2018,108.444197630347,2.20321513190651,104.115046115861,112.773349144832,"alpine","s(endYear):region_100alpine",0.50409182167287,0.206412191426327,0.801771451919413,"Increasing"
"487",2018,75.1883406476754,0.844721492083582,73.5285266450332,76.8481546503177,"atlantic","s(endYear):region_100atlantic",-0.368829589280617,-0.443746859911688,-0.293912318649546,"Decreasing"
"488",2018,84.8903952112946,1.22574059948117,82.4819074082819,87.2988830143073,"boreal","s(endYear):region_100boreal",0.0229053877214745,-0.0850111690833293,0.130821944526278,"Stable"
"489",2018,98.5196122247426,1.4587918013582,95.6531963923934,101.386028057092,"continental","s(endYear):region_100continental",0.250929757503203,0.0382857373471604,0.463573777659245,"Increasing"
"490",2018,130.342783602484,2.70353365905539,125.030543928261,135.655023276706,"mediterranean","s(endYear):region_100mediterranean",0.275582711239958,-0.0482809360912027,0.599446358571118,"Stable"
"491",2019,108.94836702753,2.29153522227666,104.445673198702,113.451060856357,"alpine","s(endYear):region_100alpine",0.504225906103556,0.206460259927252,0.801991552279861,"Increasing"
"492",2019,74.8195113713655,0.865609671437664,73.1186536721835,76.5203690705474,"atlantic","s(endYear):region_100atlantic",-0.368829565513473,-0.443746906248346,-0.2939122247786,"Decreasing"
"493",2019,84.9133005666372,1.25315632437817,82.4509429325582,87.3756582007162,"boreal","s(endYear):region_100boreal",0.0229053639924589,-0.0850113596120058,0.130822087596924,"Stable"
"494",2019,98.7706292125223,1.5211325418556,95.7817185283403,101.759539896704,"continental","s(endYear):region_100continental",0.251080089061303,0.0383698527543805,0.463790325368226,"Increasing"
"495",2019,130.618327810084,2.80057060352483,125.11541786085,136.121237759318,"mediterranean","s(endYear):region_100mediterranean",0.27551689332399,-0.0484395261717275,0.599473312819708,"Stable"
"496",2020,109.452615305602,2.38220331506052,104.771765514832,114.133465096372,"alpine","s(endYear):region_100alpine",0.504259874833679,0.206472437149325,0.802047312518034,"Increasing"
"497",2020,74.4506820951902,0.88695978577603,72.7078730320748,76.1934911583056,"atlantic","s(endYear):region_100atlantic",-0.368829565455447,-0.443746925161759,-0.293912205749135,"Decreasing"
"498",2020,84.9362059088833,1.28135556743646,82.4184388896629,87.4539729281037,"boreal","s(endYear):region_100boreal",0.0229053583526672,-0.0850114092537063,0.130822125959041,"Stable"
"499",2020,99.0217346274628,1.585333198231,95.9066744970677,102.136794757858,"continental","s(endYear):region_100continental",0.251118168732742,0.0383911569844114,0.463845180481072,"Increasing"
"500",2020,130.893833317118,2.89982760651689,125.195890845365,136.59177578887,"mediterranean","s(endYear):region_100mediterranean",0.275500227574972,-0.0484796963862089,0.599480151536152,"Stable"
