"","endYear",".estimate","std_error","conf.low","conf.high","region_100","min_year","max_year",".smooth",".derivative",".lower_ci",".upper_ci","sig"
"1",1921,37.4957560372922,15.0848602047925,7.76382679372625,67.2276852808581,"atlantic",1921,2020,"s(endYear):region_100atlantic",0.769554923507694,-0.0661299588674058,1.60523980588279,"Stable"
"2",1936,48.8006052885353,10.374521889268,28.3526497516624,69.2485608254083,"atlantic",1921,2020,"s(endYear):region_100atlantic",0.721861902007622,-0.0838942483911758,1.52761805240642,"Stable"
"3",1938,50.2308628496378,9.77102152605375,30.9723933175375,69.4893323817382,"atlantic",1921,2020,"s(endYear):region_100atlantic",0.708023825702403,-0.0890554865646093,1.50510313796942,"Stable"
"4",1944,54.3202389649809,8.02191007958141,38.5092298043798,70.1312481255821,"atlantic",1921,2020,"s(endYear):region_100atlantic",0.651079053847743,-0.110330495270933,1.41248860296642,"Stable"
"5",1955,60.6263848654609,5.17657905754369,50.4234608626441,70.8293088682777,"atlantic",1921,2020,"s(endYear):region_100atlantic",0.48096582004168,-0.174311729877411,1.13624336996077,"Stable"
"6",1955,41.5026468116316,27.9850662244849,-13.6553061005569,96.66059972382,"continental",1955,2020,"s(endYear):region_100continental",3.25507003211294,-0.164575863845251,6.67471592807112,"Stable"
"7",1958,61.9786873254062,4.5142475578705,53.0812042094603,70.8761704413521,"atlantic",1921,2020,"s(endYear):region_100atlantic",0.419512601253418,-0.197627419125772,1.03665262163261,"Stable"
"8",1958,50.9034493409297,24.1798712019937,3.24545251920166,98.5614461626577,"continental",1955,2020,"s(endYear):region_100continental",3.00788387105418,-0.224132281654764,6.23990002376311,"Stable"
"9",1959,62.3873155981094,4.3068373298898,53.8986335011319,70.875997695087,"atlantic",1921,2020,"s(endYear):region_100atlantic",0.397631270680942,-0.205962043745446,1.00122458510733,"Stable"
"10",1959,53.8675516495254,22.964378758568,8.60526382565335,99.1298394733975,"continental",1955,2020,"s(endYear):region_100continental",2.9198695699367,-0.245371173119381,6.08511031299278,"Stable"
"11",1960,62.7737276812718,4.10655028510432,54.6798069651171,70.8676483974264,"atlantic",1921,2020,"s(endYear):region_100atlantic",0.375084978274319,-0.214569958477184,0.964739915025822,"Stable"
"12",1960,56.7422927380864,21.7769045126103,13.8204906582025,99.6640948179703,"continental",1955,2020,"s(endYear):region_100continental",2.82918066370839,-0.267275538100254,5.92563686551704,"Stable"
"13",1963,63.7932690761269,3.55098191808679,56.7943614495122,70.7921767027416,"atlantic",1921,2020,"s(endYear):region_100atlantic",0.303680005052915,-0.241982796009568,0.849342806115399,"Stable"
"14",1963,64.8046148451812,18.3917280184665,28.5549215309384,101.054308159424,"continental",1955,2020,"s(endYear):region_100continental",2.54196504353218,-0.336797607163529,5.4207276942279,"Stable"
"15",1964,64.0844859759679,3.38170868799926,57.4192121803245,70.7497597716112,"atlantic",1921,2020,"s(endYear):region_100atlantic",0.278657207048299,-0.251651160512385,0.808965574608982,"Stable"
"16",1964,67.2964478879072,17.3254803559239,33.1483053754916,101.444590400323,"continental",1955,2020,"s(endYear):region_100continental",2.44131461976815,-0.361221602408917,5.24385084194521,"Stable"
"17",1965,64.3503952987507,3.22077208572286,58.0023240231586,70.6984665743427,"atlantic",1921,2020,"s(endYear):region_100atlantic",0.253071280989409,-0.261575226635732,0.767717788614549,"Stable"
"18",1965,69.6864850777542,16.2918464853563,37.5756122971261,101.797357858382,"continental",1955,2020,"s(endYear):region_100continental",2.33839920167705,-0.386232531004969,5.06303093435907,"Stable"
"19",1966,51.3852476267195,17.3297623754107,17.2286653476325,85.5418299058066,"alpine",1966,2020,"s(endYear):region_100alpine",3.91644702491896,0.62243430418672,7.2104597456512,"Increasing"
"20",1966,64.5904537481419,3.06836583647389,58.5427718535206,70.6381356427631,"atlantic",1921,2020,"s(endYear):region_100atlantic",0.226962117131289,-0.271745656885656,0.725669891148234,"Stable"
"21",1966,76.1992987284805,8.35420487275882,59.7333438047348,92.6652536522262,"boreal",1966,2020,"s(endYear):region_100boreal",0.281132050255745,-0.232735867382873,0.794999967894363,"Stable"
"22",1966,71.9725410884265,15.2917334576833,41.8328691920397,102.112212984813,"continental",1955,2020,"s(endYear):region_100continental",2.23337903764346,-0.411797124796492,4.87855520008341,"Stable"
"23",1967,55.2344037152317,16.1540059296419,23.3952116524729,87.0735957779905,"alpine",1966,2020,"s(endYear):region_100alpine",3.78148097688716,0.593997622521264,6.96896433125307,"Increasing"
"24",1967,64.8041585877682,2.92465209634218,59.0397333289337,70.5685838466026,"atlantic",1921,2020,"s(endYear):region_100atlantic",0.200371011034709,-0.282153420934916,0.682895443004333,"Stable"
"25",1967,76.4804278301827,8.16225522826922,60.3928014537894,92.568054206576,"boreal",1966,2020,"s(endYear):region_100boreal",0.281126581547172,-0.232620888938312,0.794874052032655,"Stable"
"26",1967,74.1525937398562,14.3260362717331,45.9162898570663,102.388897622646,"continental",1955,2020,"s(endYear):region_100continental",2.12642043679336,-0.437881584025829,4.69072245761256,"Stable"
"27",1968,58.9474603334527,15.0274828908304,29.3286205196692,88.5663001472363,"alpine",1966,2020,"s(endYear):region_100alpine",3.6442844225881,0.564981124941972,6.72358772023423,"Increasing"
"28",1968,64.9910490348628,2.78975393698213,59.4925050950947,70.489592974631,"atlantic",1921,2020,"s(endYear):region_100atlantic",0.173340491450329,-0.292789753314116,0.639470736214775,"Stable"
"29",1968,76.7615514063048,7.97068625441764,61.0515032837695,92.4715995288401,"boreal",1966,2020,"s(endYear):region_100boreal",0.281121000570906,-0.232508275265413,0.794750276407225,"Stable"
"30",1968,76.2247896039326,13.3956417654345,49.8222729259511,102.627306281914,"continental",1955,2020,"s(endYear):region_100continental",2.01769426045587,-0.464451447239253,4.499839968151,"Stable"
"31",1969,62.5222979886741,13.9517680812472,35.0236685162913,90.020927461057,"alpine",1966,2020,"s(endYear):region_100alpine",3.5050806052728,0.535414498632113,6.47474671191349,"Increasing"
"32",1969,65.1507075058061,2.66374699155506,59.9005204970783,70.4008945145339,"atlantic",1921,2020,"s(endYear):region_100atlantic",0.14591445771749,-0.303646456700374,0.595475372135354,"Stable"
"33",1969,77.0426693707963,7.77952273491566,61.7094003604717,92.375938381121,"boreal",1966,2020,"s(endYear):region_100boreal",0.281115359810719,-0.232398448056573,0.794629167678011,"Stable"
"34",1969,78.187449014498,12.5014333876958,53.5473974740777,102.827500554918,"continental",1955,2020,"s(endYear):region_100continental",1.9073772910575,-0.491471959172084,4.30622654128709,"Stable"
"35",1970,65.9570220748171,12.9285055799689,40.4752205923903,91.4388235572439,"alpine",1966,2020,"s(endYear):region_100alpine",3.36409581236174,0.505325843478707,6.22286578124477,"Increasing"
"36",1970,65.2827607242657,2.54665055080205,60.2633682369241,70.3021532116074,"atlantic",1921,2020,"s(endYear):region_100atlantic",0.118137556234918,-0.314716100321509,0.550991212791344,"Stable"
"37",1970,77.3237816467371,7.58879193439392,62.3664388689857,92.2811244244886,"boreal",1966,2020,"s(endYear):region_100boreal",0.281109635888639,-0.232291743790548,0.794511015567827,"Stable"
"38",1970,80.0390705246729,11.6442967908428,57.0884164532199,102.989724596126,"continental",1955,2020,"s(endYear):region_100continental",1.79564895885669,-0.518908450030755,4.11020636774413,"Stable"
"39",1971,69.2499678486439,11.9594226727162,45.678207562385,92.8217281349028,"alpine",1966,2020,"s(endYear):region_100alpine",3.22156257155867,0.474741852425641,5.96838329069169,"Increasing"
"40",1971,65.386880701613,2.43841857666672,60.5808110660045,70.1929503372214,"atlantic",1921,2020,"s(endYear):region_100atlantic",0.0900555786965595,-0.325992210249386,0.506103367642505,"Stable"
"41",1971,77.6048881665392,7.3985239192308,63.0225594815499,92.1872168515286,"boreal",1966,2020,"s(endYear):region_100boreal",0.28110384910024,-0.232188512022391,0.79439621022287,"Stable"
"42",1971,81.7783348504291,10.8251260713441,60.4422483347828,103.114421366075,"continental",1955,2020,"s(endYear):region_100continental",1.68269350494365,-0.546726374844471,3.91211338473177,"Stable"
"43",1972,72.3997048015881,11.046340381774,50.6276097226489,94.1717998805273,"alpine",1966,2020,"s(endYear):region_100alpine",3.07771770948855,0.443686938720428,5.71174848025668,"Increasing"
"44",1972,65.4627855982628,2.33893128487127,60.852803236924,70.0727679596016,"atlantic",1921,2020,"s(endYear):region_100atlantic",0.0617151848143897,-0.337469541218702,0.460899910847482,"Stable"
"45",1972,77.8859888721247,7.20875192486627,63.6776966337618,92.0942811104877,"boreal",1966,2020,"s(endYear):region_100boreal",0.28109800906058,-0.232089067770683,0.794285085891843,"Stable"
"46",1972,83.4041083351997,10.0448302969667,63.6059677095307,103.202248960869,"continental",1955,2020,"s(endYear):region_100continental",1.56869861086392,-0.574891658520078,3.71228888024791,"Stable"
"47",1973,75.4050404659268,10.1911760935663,55.3184554787906,95.491625453063,"alpine",1966,2020,"s(endYear):region_100alpine",2.93280006096383,0.412182118335719,5.45341800359195,"Increasing"
"48",1973,65.5102404735682,2.2479881025106,61.0795051338407,69.9409758132957,"atlantic",1921,2020,"s(endYear):region_100atlantic",0.033163450996792,-0.349144539878505,0.415471441872089,"Stable"
"49",1973,78.1670837150799,7.01951277738915,64.3317776937927,92.002389736367,"boreal",1966,2020,"s(endYear):region_100boreal",0.281092114611203,-0.231993688487724,0.79417791771013,"Stable"
"50",1973,84.9154459662133,9.30433965158736,66.5767961926336,103.254095739793,"continental",1955,2020,"s(endYear):region_100continental",1.45385358324619,-0.603371383108959,3.51107854960134,"Stable"
"51",1974,78.2650236888762,9.39593124570093,59.7458488883145,96.7841984894379,"alpine",1966,2020,"s(endYear):region_100alpine",2.78705329139795,0.380244801214509,5.1938617815814,"Increasing"
"52",1974,65.5290579308844,2.16530288798031,61.2612933389483,69.7968225228205,"atlantic",1921,2020,"s(endYear):region_100atlantic",0.00444832121098871,-0.361015569318413,0.36991221174039,"Stable"
"53",1974,78.4481726567883,6.8308473786771,64.9847220063208,91.9116233072558,"boreal",1966,2020,"s(endYear):region_100boreal",0.281086208209963,-0.231902659182173,0.794075075602099,"Stable"
"54",1974,86.3115939691654,8.60461005106285,69.3520959205591,103.271092017772,"continental",1955,2020,"s(endYear):region_100continental",1.33835142239892,-0.632133755001591,3.30883659979943,"Stable"
"55",1975,80.9789474030826,8.66265373705076,63.9050465200186,98.0528482861466,"alpine",1966,2020,"s(endYear):region_100alpine",2.64072199585035,0.34788706996311,4.93355692173759,"Increasing"
"56",1975,65.5190986634122,2.09050226475653,61.3987644624026,69.6394328644218,"atlantic",1921,2020,"s(endYear):region_100atlantic",-0.024381930120981,-0.373083377965224,0.324319517723262,"Stable"
"57",1975,78.7292556685433,6.64280126616636,65.6364397893494,91.8220715477373,"boreal",1966,2020,"s(endYear):region_100boreal",0.281080256367124,-0.231816170987722,0.79397668372197,"Stable"
"58",1975,87.5919920037913,7.94662437026123,71.9293693281937,103.254614679389,"continental",1955,2020,"s(endYear):region_100continental",1.22238610073439,-0.661148729178648,3.10592093064743,"Stable"
"59",1976,83.5463509169051,7.99336113660432,67.7916110979518,99.3010907358585,"alpine",1966,2020,"s(endYear):region_100alpine",2.49405338217101,0.31511468550289,4.67299207883913,"Increasing"
"60",1976,65.480271905431,2.02312773916845,61.4927314194714,69.4678123913907,"atlantic",1921,2020,"s(endYear):region_100atlantic",-0.0532786821413043,-0.385351789727693,0.278794425445085,"Stable"
"61",1976,79.0103327316411,6.45542526049907,66.2868308578015,91.7338346054808,"boreal",1966,2020,"s(endYear):region_100boreal",0.281074312539408,-0.231734454853892,0.793883079932708,"Stable"
"62",1976,88.7562749788807,7.33138741063318,74.3062708826635,103.206279075098,"continental",1955,2020,"s(endYear):region_100continental",1.10615339226408,-0.690388810442085,2.90269559497025,"Stable"
"63",1977,85.9670217428471,7.38990822802896,71.401674396612,100.532369089082,"alpine",1966,2020,"s(endYear):region_100alpine",2.34729786035882,0.281925822631317,4.41266989808633,"Increasing"
"64",1977,65.4125357925374,1.9626419470227,61.5442114788129,69.2808601062619,"atlantic",1921,2020,"s(endYear):region_100atlantic",-0.0821925147653713,-0.397827858555311,0.233442829024568,"Stable"
"65",1977,79.2914038374548,6.26877621691755,66.9357831426122,91.6470245322973,"boreal",1966,2020,"s(endYear):region_100boreal",0.281068343473164,-0.23165763876465,0.793794325710979,"Stable"
"66",1977,89.8042745012818,6.75991040710121,76.4806390689213,103.127909933642,"continental",1955,2020,"s(endYear):region_100continental",0.989851877652511,-0.719828753569951,2.69953250887497,"Stable"
"67",1978,88.2409969774866,6.85378365748558,74.7323394235817,101.749654531391,"alpine",1966,2020,"s(endYear):region_100alpine",2.20070399477809,0.248307804433187,4.153100185123,"Increasing"
"68",1978,65.3158976335195,1.90843894514189,61.5544062499535,69.0773890170854,"atlantic",1921,2020,"s(endYear):region_100atlantic",-0.111074529353069,-0.410523326812791,0.188374268106652,"Stable"
"69",1978,79.5724689874904,6.08291789944291,67.5831709677979,91.5617670071829,"boreal",1966,2020,"s(endYear):region_100boreal",0.281062397252666,-0.231585882573801,0.793710677079132,"Stable"
"70",1978,90.736019969476,6.23317931757058,78.4505599840007,103.021479954951,"continental",1955,2020,"s(endYear):region_100continental",0.873678422740762,-0.749447980486745,2.49680482596827,"Stable"
"71",1979,90.3685642412847,6.38582958251308,77.7822339252485,102.954894557321,"alpine",1966,2020,"s(endYear):region_100alpine",2.05452372967678,0.214235854133481,3.89481160522007,"Increasing"
"72",1979,65.1904140955188,1.85985800631106,61.5246746789114,68.8561535121262,"atlantic",1921,2020,"s(endYear):region_100atlantic",-0.139875045625607,-0.4234546653995,0.143704574148285,"Stable"
"73",1979,79.8535281934252,5.89792200069922,68.2288530404431,91.4782033464073,"boreal",1966,2020,"s(endYear):region_100boreal",0.281056462396645,-0.231519264877579,0.79363218967087,"Stable"
"74",1979,91.5517393183614,5.75209970687615,80.2144767143339,102.889001922389,"continental",1955,2020,"s(endYear):region_100continental",0.75783275681319,-0.779229812807889,2.29489532643427,"Stable"
"75",1980,92.350262181715,5.98589928974972,80.5521857179101,104.14833864552,"alpine",1966,2020,"s(endYear):region_100alpine",1.90900698440901,0.179668474386061,3.63834549443196,"Increasing"
"76",1980,65.036191303157,1.81619998031406,61.4565009000794,68.6158817062346,"atlantic",1921,2020,"s(endYear):region_100atlantic",-0.168544834855407,-0.436644610372327,0.0995549406615125,"Stable"
"77",1980,80.1345814771281,5.71386933485343,68.8726700994628,91.3964928547934,"boreal",1966,2020,"s(endYear):region_100boreal",0.281050554479245,-0.231457851604718,0.793558960563208,"Stable"
"78",1980,92.2518594179759,5.31741051837008,81.7713596887875,102.732359147164,"continental",1955,2020,"s(endYear):region_100continental",0.642512920394277,-0.809164045685016,2.09418988647357,"Stable"
"79",1980,58.504495252489,13.7106198872172,31.4811635916057,85.5278269133723,"mediterranean",1980,2020,"s(endYear):region_100mediterranean",1.66433949034538,-2.1731259740231,5.50180495471387,"Stable"
"80",1981,94.1868805382532,5.65250064587779,83.0459255031475,105.327835573359,"alpine",1966,2020,"s(endYear):region_100alpine",1.76440609210497,0.144544209598502,3.38426797461144,"Increasing"
"81",1981,64.8533848513403,1.77674502911089,61.3514592933825,68.355310409298,"atlantic",1921,2020,"s(endYear):region_100atlantic",-0.197034182230305,-0.450122657670564,0.0560542932099539,"Stable"
"82",1981,80.4156288706622,5.5308512366784,69.5144421580822,91.3168155832422,"boreal",1966,2020,"s(endYear):region_100boreal",0.281044683745082,-0.231401671578264,0.793491039068429,"Stable"
"83",1981,92.8370061249998,4.9295607943388,83.1209497115255,102.553062538474,"continental",1955,2020,"s(endYear):region_100continental",0.527918883702164,-0.839247327125798,1.89508509453013,"Stable"
"84",1981,60.1098401211534,12.447154295197,35.5767714838338,84.642908758473,"mediterranean",1980,2020,"s(endYear):region_100mediterranean",1.54649414937755,-2.07426824993237,5.16725654868747,"Stable"
"85",1982,95.8794597628998,5.38250815622595,85.2706540145387,106.488265511261,"alpine",1966,2020,"s(endYear):region_100alpine",1.62097012600452,0.108774648482626,3.13316560352641,"Increasing"
"86",1982,64.6421997304942,1.74077047486989,61.2111792314327,68.0732202295557,"atlantic",1921,2020,"s(endYear):region_100atlantic",-0.225294015203519,-0.463926560862325,0.0133385304552867,"Stable"
"87",1982,80.6966704162693,5.34897120636582,70.153965261931,91.2393755706077,"boreal",1966,2020,"s(endYear):region_100boreal",0.281038860306423,-0.231350719076208,0.793428439689054,"Stable"
"88",1982,93.3080039820265,4.58854927121913,84.2640738155965,102.351934148457,"continental",1955,2020,"s(endYear):region_100continental",0.414248033540858,-0.869486181091954,1.69798224817367,"Stable"
"89",1982,61.5977974665459,11.2891565720273,39.347116992065,83.8484779410269,"mediterranean",1980,2020,"s(endYear):region_100mediterranean",1.42959818792929,-1.97673887551969,4.83593525137826,"Stable"
"90",1983,97.429290185072,5.17104241381219,87.2372787858482,107.621301584296,"alpine",1966,2020,"s(endYear):region_100alpine",1.47894930471439,0.0722380697815024,2.88566053964727,"Increasing"
"91",1983,64.4028901620306,1.70756761308714,61.0373117767048,67.7684685473565,"atlantic",1921,2020,"s(endYear):region_100atlantic",-0.253275035567456,-0.478102780340808,-0.0284472907941039,"Decreasing"
"92",1983,80.9777061663364,5.16834684756885,70.7910076691701,91.1644046635027,"boreal",1966,2020,"s(endYear):region_100boreal",0.281033094322036,-0.231304956301896,0.793371144945969,"Stable"
"93",1983,93.6658755557512,4.29373813171291,85.203011691628,102.128739419874,"continental",1955,2020,"s(endYear):region_100continental",0.301698664400413,-0.899898463752312,1.50329579255314,"Stable"
"94",1983,62.9694188680013,10.2384932761223,42.7895727498594,83.1492649861432,"mediterranean",1980,2020,"s(endYear):region_100mediterranean",1.31385552657505,-1.88079874700853,4.50850980015863,"Stable"
"95",1984,98.8379107049049,5.01159119104147,88.9601741752429,108.715647234567,"alpine",1966,2020,"s(endYear):region_100alpine",1.33859115963444,0.034768731171319,2.64241358809755,"Increasing"
"96",1984,64.1357593409011,1.67645659598169,60.8315000892442,67.440018592558,"atlantic",1921,2020,"s(endYear):region_100atlantic",-0.2809284745495,-0.492707371501577,-0.0691495775974234,"Decreasing"
"97",1984,81.258736183342,4.98911215536448,71.4253053409147,91.0921670257693,"boreal",1966,2020,"s(endYear):region_100boreal",0.28102739584159,-0.231264312879096,0.793319104562275,"Stable"
"98",1984,93.9118404014321,4.04366821384019,85.9418588711985,101.881821931666,"continental",1955,2020,"s(endYear):region_100continental",0.190466941199775,-0.930517249744843,1.31145113214439,"Stable"
"99",1984,64.2259584824494,9.29684853475316,45.9020735361631,82.5498434287356,"mediterranean",1980,2020,"s(endYear):region_100mediterranean",1.19946789589722,-1.78672510048655,4.185660892281,"Stable"
"100",1985,100.107106994235,4.89637940118055,90.4564503803073,109.757763608162,"alpine",1966,2020,"s(endYear):region_100alpine",1.20014132790396,-0.00385578296251543,2.40413843877043,"Stable"
"101",1985,63.8411590811534,1.64679881751514,60.5953546616207,67.0869635006861,"atlantic",1921,2020,"s(endYear):region_100atlantic",-0.308205936585297,-0.507805764497317,-0.108606108673277,"Decreasing"
"102",1985,81.5397605397837,4.81142022144351,72.056556609291,91.0229644702763,"boreal",1966,2020,"s(endYear):region_100boreal",0.281021774837846,-0.231228687356234,0.793272237031926,"Stable"
"103",1985,94.0473136371966,3.83591854271122,86.4868021609458,101.607825113447,"continental",1955,2020,"s(endYear):region_100continental",0.0807475276848134,-0.96139470468269,1.12288976005232,"Stable"
"104",1985,65.3688715782709,8.46541453924963,48.6837248363435,82.0540183201982,"mediterranean",1980,2020,"s(endYear):region_100mediterranean",1.08663548271327,-1.6948170666394,3.86808803206595,"Stable"
"105",1986,101.23890917981,4.81691470002926,91.7448757523038,110.732942607317,"alpine",1966,2020,"s(endYear):region_100alpine",1.06384399292736,-0.0439311029810132,2.17161908883574,"Stable"
"106",1986,63.5194893594767,1.6180065634086,60.3304338425017,66.7085448764517,"atlantic",1921,2020,"s(endYear):region_100atlantic",-0.335059312526135,-0.523471370095232,-0.146647254957037,"Decreasing"
"107",1986,81.8207793180837,4.63544643576019,72.684415866961,90.9571427692064,"boreal",1966,2020,"s(endYear):region_100boreal",0.281016241224547,-0.231197948616891,0.793230431065984,"Stable"
"108",1986,94.0739041080206,3.66705877132594,86.84621154469,101.301596671351,"continental",1955,2020,"s(endYear):region_100continental",-0.0272660644616601,-0.992607259723807,0.938075130800487,"Stable"
"109",1986,66.3998126471848,7.74442127102215,51.1357278537941,81.6638974405754,"mediterranean",1980,2020,"s(endYear):region_100mediterranean",0.975557289090852,-1.60540260662542,3.55651718480713,"Stable"
"110",1987,102.235588978586,4.76458497342707,92.844696296671,111.6264816605,"alpine",1966,2020,"s(endYear):region_100alpine",0.929935584856474,-0.085849235691499,1.94572040540445,"Stable"
"111",1987,63.1711977507955,1.58954997571664,60.0382295452231,66.3041659563678,"atlantic",1921,2020,"s(endYear):region_100atlantic",-0.361442020773395,-0.539783159386532,-0.183100882160259,"Decreasing"
"112",1987,82.1017926104729,4.4613922767128,73.3084860966429,90.8950991243028,"boreal",1966,2020,"s(endYear):region_100boreal",0.281010804600654,-0.231171936134536,0.793193545335845,"Stable"
"113",1987,93.993412115492,3.53273000586447,87.0304786083181,100.956345622666,"continental",1955,2020,"s(endYear):region_100continental",-0.133386467893145,-1.02426399682141,0.757491061035123,"Stable"
"114",1987,67.3206330695999,7.13251261770564,53.262606836709,81.3786593024907,"mediterranean",1980,2020,"s(endYear):region_100mediterranean",0.86642599843192,-1.51884334039425,3.25169533725809,"Stable"
"115",1988,103.099656250299,4.73118734590953,93.7745895611194,112.424722939478,"alpine",1966,2020,"s(endYear):region_100alpine",0.798656806942555,-0.130120784819078,1.72743439870419,"Stable"
"116",1988,62.7967787490564,1.56096159336044,59.7201576192847,65.873399878828,"atlantic",1921,2020,"s(endYear):region_100atlantic",-0.387306637840058,-0.556818550888382,-0.217794724791733,"Decreasing"
"117",1988,82.3828005188503,4.28948979478341,73.9283100338155,90.8372910038851,"boreal",1966,2020,"s(endYear):region_100boreal",0.281005474738618,-0.231150464225735,0.79316141370297,"Stable"
"118",1988,93.8078266857801,3.42785716186071,87.0515952583842,100.564058113176,"continental",1955,2020,"s(endYear):region_100continental",-0.237422928895972,-1.05651284506439,0.581666987272445,"Stable"
"119",1988,68.1333783050692,6.62605125295512,55.073576335243,81.1931802748955,"mediterranean",1980,2020,"s(endYear):region_100mediterranean",0.759437776584872,-1.43555443337288,2.95442998654262,"Stable"
"120",1989,103.83385492792,4.70931404382133,94.551900038332,113.115809817508,"alpine",1966,2020,"s(endYear):region_100alpine",0.670237833872255,-0.177408371164703,1.51788403890921,"Stable"
"121",1989,62.3967729654433,1.5318388611435,59.3775521033505,65.4159938275361,"atlantic",1921,2020,"s(endYear):region_100atlantic",-0.412607814582694,-0.57464654497814,-0.250569084187247,"Decreasing"
"122",1989,82.6638031546186,4.12000690567278,74.5433597339001,90.7842465753371,"boreal",1966,2020,"s(endYear):region_100boreal",0.28100026098343,-0.231133321040311,0.793133843007172,"Stable"
"123",1989,93.5193223445777,3.34695707671906,86.9225432140261,100.116101475129,"continental",1955,2020,"s(endYear):region_100continental",-0.33919303748589,-1.08955559068742,0.41116951571564,"Stable"
"124",1989,68.8402845757309,6.21853229055294,56.5836935598718,81.0968755915899,"mediterranean",1980,2020,"s(endYear):region_100mediterranean",0.654780208937308,-1.35601138814048,2.6655718060151,"Stable"
"125",1990,104.441158281999,4.69257675205054,95.1921922280983,113.6901243359,"alpine",1966,2020,"s(endYear):region_100alpine",0.54490271702477,-0.228551780004017,1.31835721405356,"Stable"
"126",1990,61.9717661953561,1.50184505967769,59.0116624593633,64.931869931349,"atlantic",1921,2020,"s(endYear):region_100atlantic",-0.43730140827528,-0.593315931462169,-0.281286885088391,"Decreasing"
"127",1990,82.9448006384912,3.95325361513563,75.1530243030538,90.7365769739286,"boreal",1966,2020,"s(endYear):region_100boreal",0.280995172431482,-0.231120272028347,0.793110616891311,"Stable"
"128",1990,93.1302553641665,3.28448028497596,86.6566166224718,99.6038941058611,"continental",1955,2020,"s(endYear):region_100continental",-0.438519236307897,-1.1236613389929,0.246622866377101,"Stable"
"129",1990,69.4437750068927,5.9003483520777,57.8143175684585,81.0732324453269,"mediterranean",1980,2020,"s(endYear):region_100mediterranean",0.552635890566999,-1.28077544728017,2.38604722841417,"Stable"
"130",1991,104.924763470404,4.6756922303529,95.709076439153,114.140450501655,"alpine",1966,2020,"s(endYear):region_100alpine",0.422876798595866,-0.284574360645159,1.13032795783689,"Stable"
"131",1991,61.5223883445973,1.47070911506427,58.6236528738459,64.4211238153487,"atlantic",1921,2020,"s(endYear):region_100atlantic",-0.461343024504678,-0.61284134714398,-0.309844701865375,"Decreasing"
"132",1991,83.2257931002714,3.78958929349078,75.7565955600485,90.6949906404943,"boreal",1966,2020,"s(endYear):region_100boreal",0.28099021958845,-0.231111063976401,0.7930915031533,"Stable"
"133",1991,92.6431594441672,3.23512272989035,86.2668033630686,99.0195155252659,"continental",1955,2020,"s(endYear):region_100continental",-0.53522294925733,-1.15918116578542,0.088735267270761,"Stable"
"134",1991,69.9464551852357,5.6590992669817,58.7924944123834,81.1004159580879,"mediterranean",1980,2020,"s(endYear):region_100mediterranean",0.453188469052306,-1.21052829303407,2.11690523113868,"Stable"
"135",1992,105.288085320486,4.65446993437244,96.1142269700384,114.461943670933,"alpine",1966,2020,"s(endYear):region_100alpine",0.304372063736707,-0.346656017280396,0.95540014475381,"Stable"
"136",1992,61.0493122043306,1.43822471965392,58.2146027658227,63.8840216428386,"atlantic",1921,2020,"s(endYear):region_100atlantic",-0.484690889948923,-0.633193858087354,-0.336187921810491,"Decreasing"
"137",1992,83.5067806785997,3.62943109418391,76.353251443215,90.6603099139843,"boreal",1966,2020,"s(endYear):region_100boreal",0.280985406990197,-0.23110542042885,0.793076234409244,"Stable"
"138",1992,92.0607407839992,3.19406368480651,85.7653111819443,98.3561703860541,"continental",1955,2020,"s(endYear):region_100continental",-0.629136168674501,-1.19656914787028,-0.06170318947872,"Decreasing"
"139",1992,70.3511080914671,5.4804571692311,59.5492469826579,81.1529692002764,"mediterranean",1980,2020,"s(endYear):region_100mediterranean",0.35661070428843,-1.14610386010114,1.859325268678,"Stable"
"140",1993,105.534749286284,4.62574250245181,96.4175120752845,114.651986497283,"alpine",1966,2020,"s(endYear):region_100alpine",0.189594643545252,-0.41601684447896,0.795206131569463,"Stable"
"141",1993,60.5532520635062,1.40424915100529,57.7855077270514,63.320996399961,"atlantic",1921,2020,"s(endYear):region_100atlantic",-0.507304403066765,-0.65429282417732,-0.360315981956211,"Decreasing"
"142",1993,83.7877635206679,3.47326355367417,76.9420370889912,90.6334899523446,"boreal",1966,2020,"s(endYear):region_100boreal",0.280980748433083,-0.231103057597004,0.793064554463169,"Stable"
"143",1993,91.3858725015707,3.15711427839116,85.1632693707074,97.6084756324341,"continental",1955,2020,"s(endYear):region_100continental",-0.720095555570686,-1.23639242856203,-0.203798682579345,"Decreasing"
"144",1993,70.6606883606564,5.34937477380321,60.1171877837333,81.2041889375794,"mediterranean",1980,2020,"s(endYear):region_100mediterranean",0.263070588964496,-1.08854573990703,1.61468691783602,"Stable"
"145",1994,105.668583519034,4.58727128961435,96.6271722263706,114.709994811697,"alpine",1966,2020,"s(endYear):region_100alpine",0.0787437005513263,-0.49369025109926,0.651177652201913,"Stable"
"146",1994,60.034962146587,1.36870212831282,57.3372802137053,62.7326440794687,"atlantic",1921,2020,"s(endYear):region_100atlantic",-0.529144316198585,-0.676005879451379,-0.382282752945791,"Decreasing"
"147",1994,84.0687417818974,3.32164929791791,77.5218437293547,90.6156398344402,"boreal",1966,2020,"s(endYear):region_100boreal",0.280976247593156,-0.231103671027383,0.793056166213694,"Stable"
"148",1994,90.6215883492759,3.12078419548869,84.4705910165177,96.772585682034,"continental",1955,2020,"s(endYear):region_100continental",-0.807943262970368,-1.27932637426155,-0.336560151679185,"Decreasing"
"149",1994,70.8783158199393,5.25130727070664,60.5281041448408,81.2285274950379,"mediterranean",1980,2020,"s(endYear):region_100mediterranean",0.172730432797208,-1.03916980386793,1.38463066946235,"Stable"
"150",1995,105.693609984957,4.53764860407666,96.7500039192074,114.637216050707,"alpine",1966,2020,"s(endYear):region_100alpine",-0.0279902852598559,-0.580201161427221,0.52422059090751,"Stable"
"151",1995,59.4952348635713,1.33156500250484,56.8707493926947,62.1197203344479,"atlantic",1921,2020,"s(endYear):region_100atlantic",-0.5501731045717,-0.698156718253378,-0.402189490890022,"Decreasing"
"152",1995,84.3497156255783,3.17524058324804,78.0913859446419,90.6080453065147,"boreal",1966,2020,"s(endYear):region_100boreal",0.280971914111936,-0.231106951671201,0.793050779895073,"Stable"
"153",1995,89.7710756749752,3.08228652478718,83.6959564084238,95.8461949415265,"continental",1955,2020,"s(endYear):region_100continental",-0.89252834425497,-1.3261132969774,-0.458943391532537,"Decreasing"
"154",1995,71.0072682497857,5.17317083324275,60.8110617824572,81.2034747171142,"mediterranean",1980,2020,"s(endYear):region_100mediterranean",0.0857454719337979,-0.999627505093397,1.17111844896099,"Stable"
"155",1996,105.614034560097,4.47620942072222,96.7915237797837,114.43654534041,"alpine",1966,2020,"s(endYear):region_100alpine",-0.130430200108772,-0.675265904951717,0.414405504734173,"Stable"
"156",1996,58.9348988584714,1.29288054203851,56.386659612339,61.4831381046037,"atlantic",1921,2020,"s(endYear):region_100atlantic",-0.570355873214,-0.720539212515686,-0.420172533912315,"Decreasing"
"157",1996,84.6306852224673,3.0347910760561,78.6491784456502,90.6121919992844,"boreal",1966,2020,"s(endYear):region_100boreal",0.280967755222569,-0.231112582371028,0.793048092816166,"Stable"
"158",1996,88.8376675723018,3.03950333931334,82.84687302776,94.8284621168436,"continental",1955,2020,"s(endYear):region_100continental",-0.973710439544046,-1.37746143750399,-0.569959441584106,"Decreasing"
"159",1996,71.0509733115907,5.10391701066958,60.9912646125303,81.110682010651,"mediterranean",1980,2020,"s(endYear):region_100mediterranean",0.00226004874846749,-0.971939391904768,0.976459489401703,"Stable"
"160",1997,105.43423602784,4.40295906990043,96.7561000854864,114.112371970195,"alpine",1966,2020,"s(endYear):region_100alpine",-0.228409415558691,-0.77767897761897,0.320860146501588,"Stable"
"161",1997,58.3548168416001,1.25275355130523,55.88566701579,60.8239666674102,"atlantic",1921,2020,"s(endYear):region_100atlantic",-0.58965979281699,-0.74293224853121,-0.436387337102769,"Decreasing"
"162",1997,84.9116507503412,2.90116677962127,79.1935145366506,90.6297869640317,"boreal",1966,2020,"s(endYear):region_100boreal",0.280963777647696,-0.231120242458794,0.793047797754186,"Stable"
"163",1997,87.824834161366,2.99093139993661,81.9297738460558,93.7198944766762,"continental",1955,2020,"s(endYear):region_100continental",-1.05135749817123,-1.43386834862611,-0.668846647716358,"Decreasing"
"164",1997,71.012999580992,5.03475005234033,61.0896174426766,80.9363817193074,"mediterranean",1980,2020,"s(endYear):region_100mediterranean",-0.0775900396536636,-0.958436001727529,0.803255922420202,"Stable"
"165",1998,105.158753900747,4.31851941539978,96.6470466689601,113.670461132535,"alpine",1966,2020,"s(endYear):region_100alpine",-0.321772576881422,-0.885486033005639,0.241940879242794,"Stable"
"166",1998,57.7558831902198,1.21135253856952,55.3683338542094,60.1434325262303,"atlantic",1921,2020,"s(endYear):region_100atlantic",-0.608054251607804,-0.76511406881156,-0.450994434404048,"Decreasing"
"167",1998,85.1926123935021,2.77535430763358,79.7224498079601,90.6627749790441,"boreal",1966,2020,"s(endYear):region_100boreal",0.280959985786538,-0.231129609324846,0.793049580897922,"Stable"
"168",1998,86.7361729377323,2.93562212099542,80.9501260004493,92.5222198750154,"continental",1955,2020,"s(endYear):region_100continental",-1.12534639793571,-1.49540676181059,-0.755286034060825,"Decreasing"
"169",1998,70.8970466230254,4.95909131046445,61.1227862087149,80.6713070373359,"mediterranean",1980,2020,"s(endYear):region_100mediterranean",-0.153678184618801,-0.961490975516532,0.654134606278931,"Stable"
"170",1999,104.792274984345,4.22409359755957,96.4666789724617,113.117870996229,"alpine",1966,2020,"s(endYear):region_100alpine",-0.410382004124564,-0.996358068560224,0.175594060311096,"Stable"
"171",1999,57.1390213013348,1.16891262635251,54.8351201032593,59.4429224994104,"atlantic",1921,2020,"s(endYear):region_100atlantic",-0.625512132354853,-0.786874777833433,-0.464149486876274,"Decreasing"
"172",1999,85.4735703422325,2.65846377980659,80.2337964282071,90.713344256258,"boreal",1966,2020,"s(endYear):region_100boreal",0.280956389638705,-0.231140368914884,0.793053148192295,"Stable"
"173",1999,85.5753981244328,2.87312492282707,79.9125317966241,91.2382644522414,"continental",1955,2020,"s(endYear):region_100continental",-1.19556804320183,-1.56157108689602,-0.829564999507638,"Decreasing"
"174",1999,70.7069340420286,4.87240491974625,61.1035306061868,80.3103374778704,"mediterranean",1980,2020,"s(endYear):region_100mediterranean",-0.225892179458266,-0.982952879402036,0.531168520485505,"Stable"
"175",2000,104.339618596772,4.121447736327,96.2163353303749,112.462901863169,"alpine",1966,2020,"s(endYear):region_100alpine",-0.494110083350293,-1.10795382024599,0.119733653545406,"Stable"
"176",2000,56.5051806796566,1.12573985230304,54.2863720741448,58.7239892851685,"atlantic",1921,2020,"s(endYear):region_100atlantic",-0.642008281968778,-0.808021527198241,-0.475995036739316,"Decreasing"
"177",2000,85.7545247921946,2.55172256770881,80.7251354705604,90.7839141138288,"boreal",1966,2020,"s(endYear):region_100boreal",0.280952988957745,-0.231152204706049,0.793058182621539,"Stable"
"178",2000,84.3463289587535,2.80343924205343,78.8208115822724,89.8718463352345,"continental",1955,2020,"s(endYear):region_100continental",-1.26192128502697,-1.63127446866117,-0.89256810139278,"Decreasing"
"179",2000,70.4465894360968,4.77197401450239,61.041133115975,79.8520457562187,"mediterranean",1980,2020,"s(endYear):region_100mediterranean",-0.294128024780695,-1.02335229529245,0.435096245731061,"Stable"
"180",2001,103.805720354435,4.01290633607691,95.89636981187,111.715070897,"alpine",1966,2020,"s(endYear):region_100alpine",-0.572848851388757,-1.21817777471503,0.0724800719375153,"Stable"
"181",2001,55.855333743046,1.08221691413652,53.7223078959072,57.9883595901847,"atlantic",1921,2020,"s(endYear):region_100atlantic",-0.657521437377271,-0.828384458221095,-0.486658416533447,"Decreasing"
"182",2001,86.0354759437722,2.4564552204306,81.1938564781422,90.8770954094022,"boreal",1966,2020,"s(endYear):region_100boreal",0.280949792197559,-0.231164817696233,0.79306440209135,"Stable"
"183",2001,83.0528768426142,2.72697786008456,77.6780631761908,88.4276905090375,"continental",1955,2020,"s(endYear):region_100continental",-1.32432057682885,-1.70303465090639,-0.945606502751305,"Decreasing"
"184",2001,70.1200351828877,4.65668442907398,60.9418121118608,79.2982582539146,"mediterranean",1980,2020,"s(endYear):region_100mediterranean",-0.358297732304833,-1.08128663263212,0.364691168022457,"Stable"
"185",2002,103.195614430327,3.90135583711737,95.5061274792785,110.885101381376,"alpine",1966,2020,"s(endYear):region_100alpine",-0.646511907855039,-1.32528769967848,0.0322638839684061,"Stable"
"186",2002,55.190472327036,1.03881022167272,53.143000120535,57.2379445335371,"atlantic",1921,2020,"s(endYear):region_100atlantic",-0.672034578559225,-0.847818264336096,-0.496250892782354,"Decreasing"
"187",2002,86.3164240013507,2.37404468507566,81.6372338968704,90.9956141058309,"boreal",1966,2020,"s(endYear):region_100boreal",0.280946804222845,-0.231177919859444,0.793071528305134,"Stable"
"188",2002,81.6990312825482,2.6445425416579,76.4866958241664,86.91136674093,"continental",1955,2020,"s(endYear):region_100continental",-1.38269745180237,-1.7752375277849,-0.990157375819843,"Decreasing"
"189",2002,69.7313739806853,4.52684652586527,60.8090585746235,78.6536893867471,"mediterranean",1980,2020,"s(endYear):region_100mediterranean",-0.41833088781356,-1.15347674585964,0.316814970232524,"Stable"
"190",2003,102.51441418824,3.79024721924897,95.0439198907504,109.98490848573,"alpine",1966,2020,"s(endYear):region_100alpine",-0.71502677791567,-1.42788998544519,-0.00216357038614945,"Decreasing"
"191",2003,54.511603869375,0.996077762303979,52.5483564048408,56.4748513339092,"atlantic",1921,2020,"s(endYear):region_100atlantic",-0.685533410701413,-0.86619953664292,-0.504867284759906,"Decreasing"
"192",2003,86.5973691725303,2.30587120061366,82.0525475135506,91.14219083151,"boreal",1966,2020,"s(endYear):region_100boreal",0.280944019834766,-0.231191229997656,0.793079269667188,"Stable"
"193",2003,80.2888445426091,2.55731181352904,75.2484389398164,85.3292501454017,"continental",1955,2020,"s(endYear):region_100continental",-1.43699444951129,-1.846352523086,-1.02763637593659,"Decreasing"
"194",2003,69.2847730658737,4.38406824246781,60.6438705308535,77.9256756008939,"mediterranean",1980,2020,"s(endYear):region_100mediterranean",-0.474168429661484,-1.23552202086258,0.287185161539607,"Stable"
"195",2004,101.767291092919,3.6835834254216,94.5070287981039,109.027553387733,"alpine",1966,2020,"s(endYear):region_100alpine",-0.778351622734083,-1.52492413022989,-0.0317791152382739,"Decreasing"
"196",2004,53.8197472548927,0.954676669619836,51.9381004377348,55.7013940720506,"atlantic",1921,2020,"s(endYear):region_100atlantic",-0.698009706474885,-0.883429761474603,-0.512589651475168,"Decreasing"
"197",2004,86.8783116672704,2.25322879650044,82.4372470344121,91.3193763001288,"boreal",1966,2020,"s(endYear):region_100boreal",0.280941448873247,-0.231204500612289,0.793087398358782,"Stable"
"198",2004,78.8264149309836,2.46683957630471,73.9643281272478,83.6885017347193,"continental",1955,2020,"s(endYear):region_100continental",-1.48717843852421,-1.91507664446113,-1.05928023258728,"Decreasing"
"199",2004,68.784447025351,4.23118135866006,60.4448811914954,77.1240128592066,"mediterranean",1980,2020,"s(endYear):region_100mediterranean",-0.525776257320459,-1.32289030245969,0.271337787818773,"Stable"
"200",2005,100.959451793165,3.58587100156085,93.891778546774,108.027125039556,"alpine",1966,2020,"s(endYear):region_100alpine",-0.836458484498155,-1.6155843016506,-0.0573326673457062,"Decreasing"
"201",2005,53.1159283004014,0.915368410656598,51.3117572011696,54.9200993996331,"atlantic",1921,2020,"s(endYear):region_100atlantic",-0.709457952355561,-0.899428898718436,-0.519487005992686,"Decreasing"
"202",2005,87.1592516969587,2.21722539459749,82.7891489811068,91.5293544128106,"boreal",1966,2020,"s(endYear):region_100boreal",0.280939089759599,-0.231217494657873,0.793095674177071,"Stable"
"203",2005,77.3158686386956,2.37506159540614,72.634674226215,81.9970630511763,"continental",1955,2020,"s(endYear):region_100continental",-1.53322725428846,-1.98035724279964,-1.08609726577728,"Decreasing"
"204",2005,68.2346391199548,4.0722144440683,60.2083935948422,76.2608846450674,"mediterranean",1980,2020,"s(endYear):region_100mediterranean",-0.573131587070151,-1.41158010109096,0.265316926950652,"Stable"
"205",2006,100.096113272102,3.50200968529949,93.1937288442682,106.998497699935,"alpine",1966,2020,"s(endYear):region_100alpine",-0.889351239834186,-1.6992962552397,-0.0794062244286672,"Decreasing"
"206",2006,52.4011748587866,0.879018140326664,50.6686493466377,54.1337003709356,"atlantic",1921,2020,"s(endYear):region_100atlantic",-0.719878912118488,-0.914138370459153,-0.525619453777823,"Decreasing"
"207",2006,87.4401894734024,2.19867991897916,83.1066394840184,91.7737394627864,"boreal",1966,2020,"s(endYear):region_100boreal",0.280936942336435,-0.231230002408492,0.793103887081361,"Stable"
"208",2006,75.7613400465629,2.28430416245459,71.2590265476744,80.2636535454513,"continental",1955,2020,"s(endYear):region_100continental",-1.57514396897221,-2.0413993445838,-1.10888859336062,"Decreasing"
"209",2006,67.6396010326802,3.91239565251951,59.9283548471446,75.3508472182159,"mediterranean",1980,2020,"s(endYear):region_100mediterranean",-0.616237578243405,-1.49841404934975,0.265938892862942,"Stable"
"210",2007,99.1824759562209,3.43709319134345,92.4080405168989,105.956911395543,"alpine",1966,2020,"s(endYear):region_100alpine",-0.9370639854326,-1.7756736085986,-0.0984543622665973,"Decreasing"
"211",2007,51.6765115209378,0.846583189859977,50.0079145861307,53.3451084557448,"atlantic",1921,2020,"s(endYear):region_100atlantic",-0.729279303512375,-0.927518904000374,-0.531039703024376,"Decreasing"
"212",2007,87.7211252077366,2.19803562387644,83.3888451098959,92.0534053055773,"boreal",1966,2020,"s(endYear):region_100boreal",0.280935005219443,-0.231241840908943,0.793111851347829,"Stable"
"213",2007,74.1669504145218,2.19728479310308,69.8361501876991,78.4977506413445,"continental",1955,2020,"s(endYear):region_100continental",-1.61295560369082,-2.09763117677548,-1.12828003060617,"Decreasing"
"214",2007,67.0035709533708,3.75815223018312,59.596335176744,74.4108067299977,"mediterranean",1980,2020,"s(endYear):region_100mediterranean",-0.655122018608641,-1.58103123401242,0.270787196795133,"Stable"
"215",2008,98.2236946725333,3.39610593951309,91.530044209324,104.917345135743,"alpine",1966,2020,"s(endYear):region_100alpine",-0.979654364083346,-1.8444744735029,-0.114834254663797,"Decreasing"
"216",2008,50.9429538937091,0.819084491893175,49.3285562906254,52.5573514967928,"atlantic",1921,2020,"s(endYear):region_100atlantic",-0.73767048335142,-0.939547074969108,-0.535793891733731,"Decreasing"
"217",2008,88.0020591092451,2.21530934865601,83.635732878,92.3683853404902,"boreal",1966,2020,"s(endYear):region_100boreal",0.28093327606835,-0.231252853654021,0.793119405790721,"Stable"
"218",2008,72.5367848656047,2.11708860278094,68.3640495743459,76.7095201568634,"continental",1955,2020,"s(endYear):region_100continental",-1.64670783949012,-2.14865904610661,-1.14475663287363,"Decreasing"
"219",2008,66.3307499096762,3.61704854729584,59.2016264031437,73.4598734162087,"mediterranean",1980,2020,"s(endYear):region_100mediterranean",-0.689831885291159,-1.65775049283893,0.278086722256617,"Stable"
"220",2009,97.2248473410752,3.38352959748754,90.5559845726917,103.893710109459,"alpine",1966,2020,"s(endYear):region_100alpine",-1.0172123972165,-1.90559071264968,-0.128834081783335,"Decreasing"
"221",2009,50.2015024317006,0.797555293893973,48.6295384065813,51.7734664568198,"atlantic",1921,2020,"s(endYear):region_100atlantic",-0.745070187707315,-0.95021639722494,-0.53992397818969,"Decreasing"
"222",2009,88.2829913840893,2.25008956448767,83.8481141088077,92.7178686593709,"boreal",1966,2020,"s(endYear):region_100boreal",0.280931751228325,-0.231262913603433,0.793126416060083,"Stable"
"223",2009,70.8748675752207,2.04709721762593,66.8400837719331,74.9096513785083,"continental",1955,2020,"s(endYear):region_100continental",-1.67647201700222,-2.19424446939587,-1.15869956460856,"Decreasing"
"224",2009,65.6252762523946,3.4975739865861,58.7316344896239,72.5189180151652,"mediterranean",1980,2020,"s(endYear):region_100mediterranean",-0.7204405430258,-1.72744065579889,0.286559569747291,"Stable"
"225",2010,96.1909012883084,3.40291683591693,89.4838266973833,102.897975879234,"alpine",1966,2020,"s(endYear):region_100alpine",-1.04987469185663,-1.9590528367541,-0.140696546959162,"Decreasing"
"226",2010,49.4531358003051,0.782965513303651,47.909927913347,50.9963436872633,"atlantic",1921,2020,"s(endYear):region_100atlantic",-0.751505330971211,-0.959540234333315,-0.543470427609108,"Decreasing"
"227",2010,88.5639222339404,2.30158372235055,84.0275511007609,93.10029336712,"boreal",1966,2020,"s(endYear):region_100boreal",0.280930425153182,-0.231271927693728,0.793132778000091,"Stable"
"228",2010,69.1851350750313,1.99084376730372,65.2612255908942,73.1090445591684,"continental",1955,2020,"s(endYear):region_100continental",-1.7023563952436,-2.2342950545005,-1.1704177359867,"Decreasing"
"229",2010,64.8911982019156,3.40867431209383,58.1727757514817,71.6096206523494,"mediterranean",1980,2020,"s(endYear):region_100mediterranean",-0.747059322393802,-1.78942364508584,0.295305000298232,"Stable"
"230",2011,95.1266770655246,3.45652867955583,88.3139347043948,101.939419426654,"alpine",1966,2020,"s(endYear):region_100alpine",-1.07780353767753,-2.00498220190246,-0.150624873452592,"Decreasing"
"231",2011,48.698803747191,0.776128505397391,47.1690714531484,50.2285360412337,"atlantic",1921,2020,"s(endYear):region_100atlantic",-0.75700788754395,-0.967544881755092,-0.546470893332808,"Decreasing"
"232",2011,88.8448518545109,2.36870282954147,84.1761904303509,93.5135132786709,"boreal",1966,2020,"s(endYear):region_100boreal",0.280929291254029,-0.231279831314066,0.793138413822123,"Stable"
"233",2011,67.4714075795786,1.9517752461882,63.6245012953178,71.3183138638393,"continental",1955,2020,"s(endYear):region_100continental",-1.72448958634479,-2.26881852098549,-1.18016065170409,"Decreasing"
"234",2011,64.1324443613174,3.35895452704187,57.5120185188137,70.7528702038211,"mediterranean",1980,2020,"s(endYear):region_100mediterranean",-0.769820484556488,-1.84333970771163,0.303698738598654,"Stable"
"235",2012,94.0368096553305,3.54513737478574,87.0494214956203,101.024197815041,"alpine",1966,2020,"s(endYear):region_100alpine",-1.10119836067086,-2.04359911459553,-0.158797606746191,"Decreasing"
"236",2012,47.939419459182,0.777607887814322,46.4067713347805,49.4720675835835,"atlantic",1921,2020,"s(endYear):region_100atlantic",-0.761617148444152,-0.974271961781644,-0.548962335106659,"Decreasing"
"237",2012,89.1257804339789,2.45016380470943,84.296561211011,93.9549996569468,"boreal",1966,2020,"s(endYear):region_100boreal",0.280928341434257,-0.231286590809922,0.793143273678435,"Stable"
"238",2012,65.7373582430074,1.93293044382722,61.9275946516718,69.5471218343429,"continental",1955,2020,"s(endYear):region_100continental",-1.7430296324108,-2.29792078023787,-1.18813848458373,"Decreasing"
"239",2012,63.352792100829,3.35560969970312,56.7389588397889,69.9666253618691,"mediterranean",1980,2020,"s(endYear):region_100mediterranean",-0.788886555647767,-1.88909745743387,0.31132434613834,"Stable"
"240",2013,92.9257069486206,3.66805293050509,85.6960549193109,100.15535897793,"alpine",1966,2020,"s(endYear):region_100alpine",-1.12031800463198,-2.07525184965034,-0.165384159613625,"Decreasing"
"241",2013,47.1758513813678,0.787649406794811,45.6234116428729,48.7282911198627,"atlantic",1921,2020,"s(endYear):region_100atlantic",-0.765384121739922,-0.97978414547842,-0.550984098001424,"Decreasing"
"242",2013,89.406708151303,2.54459013854924,84.3913766914075,94.4220396111985,"boreal",1966,2020,"s(endYear):region_100boreal",0.280927570612442,-0.231292213608019,0.793147354832903,"Stable"
"243",2013,63.9864802526891,1.93658680791677,60.1695100477739,67.8034504576044,"continental",1955,2020,"s(endYear):region_100continental",-1.75818168007659,-2.32182206232921,-1.19454129782397,"Decreasing"
"244",2013,62.5558337178224,3.40334366013571,55.8479178657056,69.2637495699393,"mediterranean",1980,2020,"s(endYear):region_100mediterranean",-0.804468483412224,-1.92686713220352,0.317930165379069,"Stable"
"245",2014,91.7975053742158,3.82335662921331,84.2617531544788,99.3332575939529,"alpine",1966,2020,"s(endYear):region_100alpine",-1.13544831910713,-2.10035698136166,-0.1705396568526,"Decreasing"
"246",2014,46.4089144752309,0.806159675468363,44.8199914023856,47.9978375480762,"atlantic",1921,2020,"s(endYear):region_100atlantic",-0.768365083581745,-0.984155128815008,-0.552575038348481,"Decreasing"
"247",2014,89.6876351744204,2.65059691739971,84.4633666739868,94.911903674854,"boreal",1966,2020,"s(endYear):region_100boreal",0.280926945473121,-0.231296710723136,0.793150601669379,"Stable"
"248",2014,62.2220516663766,1.9639719941915,58.3511058587983,66.0929974739549,"continental",1955,2020,"s(endYear):region_100continental",-1.77017219356742,-2.34080751795617,-1.19953686917867,"Decreasing"
"249",2014,61.744940276314,3.50367535496713,54.8392728500284,68.6506077025997,"mediterranean",1980,2020,"s(endYear):region_100mediterranean",-0.816799234947107,-1.95698044647007,0.323381976575856,"Stable"
"250",2015,90.656022563552,4.00826165689467,82.7558265819791,98.5562185451248,"alpine",1966,2020,"s(endYear):region_100alpine",-1.14693967849557,-2.11945663275889,-0.174422724232252,"Decreasing"
"251",2015,45.6393608926176,0.832738721756201,43.9980511013763,47.280670683859,"atlantic",1921,2020,"s(endYear):region_100atlantic",-0.7706291385743,-0.987480087241408,-0.553778189907193,"Decreasing"
"252",2015,89.9685616583254,2.76685367325677,84.5151536370541,95.4219696795966,"boreal",1966,2020,"s(endYear):region_100boreal",0.28092648978391,-0.231300177350191,0.79315315691801,"Stable"
"253",2015,60.44709789968,2.01513970551005,56.4753016531964,64.4188941461637,"continental",1955,2020,"s(endYear):region_100continental",-1.77927895702226,-2.35526740617076,-1.20329050787376,"Decreasing"
"254",2015,60.9232230301217,3.65493528043897,53.7194256019361,68.1270204583073,"mediterranean",1980,2020,"s(endYear):region_100mediterranean",-0.826164340080882,-1.9799775095742,0.327648829412439,"Stable"
"255",2016,89.504706933518,4.21950156925567,81.1881617088982,97.8212521581378,"alpine",1966,2020,"s(endYear):region_100alpine",-1.15518810023418,-2.13318310093673,-0.177193099531632,"Decreasing"
"256",2016,44.8678700425211,0.866754462996812,43.1595159699273,46.576224115115,"atlantic",1921,2020,"s(endYear):region_100atlantic",-0.772254226122101,-0.989869395798478,-0.554639056445724,"Decreasing"
"257",2016,90.249487743022,2.89212475356839,84.5491731647443,95.9498023212998,"boreal",1966,2020,"s(endYear):region_100boreal",0.28092614404648,-0.231302669187304,0.793154957280264,"Stable"
"258",2016,58.6643517712233,2.08905615888122,54.5468678132375,62.7818357292091,"continental",1955,2020,"s(endYear):region_100continental",-1.78581567381657,-2.36566751861141,-1.20596382902172,"Decreasing"
"259",2016,60.0934923344072,3.85293215643514,52.4994473979486,67.6875372708657,"mediterranean",1980,2020,"s(endYear):region_100mediterranean",-0.832886557787805,-1.99654947983183,0.330776364256217,"Stable"
"260",2017,88.3465840717656,4.4536699742047,79.5684980471315,97.1246700963997,"alpine",1966,2020,"s(endYear):region_100alpine",-1.16063456574664,-2.14225435613875,-0.179014775354526,"Decreasing"
"261",2017,44.0950380278855,0.907435562645385,42.3065023984272,45.8835736573437,"atlantic",1921,2020,"s(endYear):region_100atlantic",-0.773327312796734,-0.991448339919209,-0.55520628567426,"Decreasing"
"262",2017,90.530413551348,3.02529065058209,84.567631905168,96.4931951975281,"boreal",1966,2020,"s(endYear):region_100boreal",0.280925933777365,-0.231304338002866,0.793156205557596,"Stable"
"263",2017,56.8762110138062,2.18386068307322,52.5718694139874,61.1805526136249,"continental",1955,2020,"s(endYear):region_100continental",-1.79013194960852,-2.37254422003882,-1.20771967917822,"Decreasing"
"264",2017,59.2582139513296,4.09197156753074,51.1930275683723,67.3234003342869,"mediterranean",1980,2020,"s(endYear):region_100mediterranean",-0.837325257775806,-2.00752092313481,0.332870407583199,"Stable"
"265",2018,87.1841998106097,4.70747488454857,77.9058698636875,96.4625297575319,"alpine",1966,2020,"s(endYear):region_100alpine",-1.16379905640631,-2.14752764456825,-0.180070468244368,"Decreasing"
"266",2018,43.3213664299943,0.953959581355749,41.4411329781072,45.2015998818814,"atlantic",1921,2020,"s(endYear):region_100atlantic",-0.7739507614457,-0.992366140693537,-0.555535382197863,"Decreasing"
"267",2018,90.8113391866631,3.16535514050105,84.5724934969804,97.0501848763457,"boreal",1966,2020,"s(endYear):region_100boreal",0.280925794445355,-0.231305296660316,0.793156885551027,"Stable"
"268",2018,55.0846931613254,2.29720636949608,50.5569496947981,59.6124366278526,"continental",1955,2020,"s(endYear):region_100continental",-1.79263972733256,-2.376543037443,-1.20873641722213,"Decreasing"
"269",2018,58.4194626570017,4.36584994973574,49.8144679781429,67.0244573358605,"mediterranean",1980,2020,"s(endYear):region_100mediterranean",-0.839904225867125,-2.01390592765056,0.334097475916314,"Stable"
"270",2019,86.0195598780353,4.97790532895163,76.208217445141,95.8309023109296,"alpine",1966,2020,"s(endYear):region_100alpine",-1.16524757483509,-2.14994212731848,-0.180553022351699,"Decreasing"
"271",2019,42.547250418479,1.00552217000324,40.5653882331155,44.5291126038425,"atlantic",1921,2020,"s(endYear):region_100atlantic",-0.774236170385858,-0.992786402119445,-0.555685938652271,"Decreasing"
"272",2019,91.0922647303988,3.31144294965633,84.5654831668542,97.6190462939434,"boreal",1966,2020,"s(endYear):region_100boreal",0.280925746491176,-0.231305749257378,0.79315724223973,"Stable"
"273",2019,53.291387723103,2.42658467738929,48.5086424439165,58.0741330022895,"continental",1955,2020,"s(endYear):region_100continental",-1.79378769006988,-2.37837433739547,-1.20920104274429,"Decreasing"
"274",2019,57.5788730588902,4.66859592602174,48.3771726881318,66.7805734296486,"mediterranean",1980,2020,"s(endYear):region_100mediterranean",-0.841084720253905,-2.01683111035686,0.334661669849044,"Stable"
"275",2020,84.8540660173617,5.26232657748254,74.4821355298296,95.2259965048938,"alpine",1966,2020,"s(endYear):region_100alpine",-1.16561728224684,-2.15055843614076,-0.180676128352918,"Decreasing"
"276",2020,41.7729661655796,1.06138320084768,39.681003111266,43.8649292198933,"atlantic",1921,2020,"s(endYear):region_100atlantic",-0.774308989301361,-0.992893645244344,-0.555724333358379,"Decreasing"
"277",2020,91.3731902394654,3.46279179614123,84.5481034126506,98.1982770662801,"boreal",1966,2020,"s(endYear):region_100boreal",0.280925720626167,-0.231305853652459,0.793157294904792,"Stable"
"278",2020,51.4974055596796,2.5695760204317,46.4328274735554,56.5619836458038,"continental",1955,2020,"s(endYear):region_100continental",-1.79408064401962,-2.37884178141376,-1.20931950662548,"Decreasing"
"279",2020,56.7375875352806,4.9949141853941,46.8927210186761,66.582454051885,"mediterranean",1980,2020,"s(endYear):region_100mediterranean",-0.841386024773893,-2.01757797750588,0.334805927958095,"Stable"
